Timestamp_ms,ReferenceFrequencyHz,PhaseErrorNs,DACVoltage_V,LockStatus,LockState,PhaseStale,IsLocked
1787191469672,34739.453,9559.5,1.6504,1,WAIT ZCD,1,0
1787191469682,34739.453,9559.5,1.6504,1,WAIT ZCD,1,0
1787191469692,34739.453,9559.5,1.6504,1,WAIT ZCD,1,0
1787191469702,34739.453,9559.5,1.6504,1,WAIT ZCD,1,0
1787191469712,34739.453,9559.5,1.6504,1,WAIT ZCD,1,0
1787191469722,34739.453,9559.5,1.6504,1,WAIT ZCD,1,0
1787191469732,34739.453,9559.5,1.6504,1,WAIT ZCD,1,0
1787191469742,34739.453,9559.5,1.6504,1,WAIT ZCD,1,0
1787191469752,34739.453,9559.5,1.6504,1,WAIT ZCD,1,0
1787191469762,34739.453,9559.5,1.6504,1,WAIT ZCD,1,0
1787191469772,34739.453,9559.5,1.6504,1,WAIT ZCD,1,0
1787191469782,34739.453,9559.5,1.6504,1,WAIT ZCD,1,0
1787191469792,34739.453,9559.5,1.6504,1,WAIT ZCD,1,0
1787191469802,34739.453,9559.5,1.6504,1,WAIT ZCD,1,0
1787191469812,34739.453,9559.5,1.6504,1,WAIT ZCD,1,0
1787191469822,34739.453,9559.5,1.6504,1,WAIT ZCD,1,0
1787191469832,34753.828,9559.5,1.6504,1,WAIT ZCD,1,0
1787191469842,34739.453,9559.5,1.6504,1,WAIT ZCD,1,0
1787191469852,34739.453,9559.5,1.6504,1,WAIT ZCD,1,0
1787191469862,34739.453,9559.5,1.6504,1,WAIT ZCD,1,0
1787191469872,34739.453,9559.5,1.6504,1,WAIT ZCD,1,0
1787191469882,34739.453,9559.5,1.6504,1,WAIT ZCD,1,0
1787191469892,34739.453,9559.5,1.6504,1,WAIT ZCD,1,0
1787191469902,34739.453,9559.5,1.6504,1,WAIT ZCD,1,0
1787191469912,34739.453,9559.5,1.6504,1,WAIT ZCD,1,0
1787191469923,34725.094,9559.5,1.6504,1,WAIT ZCD,1,0
1787191469932,34739.453,9559.5,1.6504,1,WAIT ZCD,1,0
1787191469942,34739.453,9559.5,1.6504,1,WAIT ZCD,1,0
1787191469952,34739.453,9559.5,1.6504,1,WAIT ZCD,1,0
1787191469962,34739.453,9559.5,1.6504,1,WAIT ZCD,1,0
1787191469972,34739.453,9559.5,1.6504,1,WAIT ZCD,1,0
1787191469983,34739.453,9559.5,1.6504,1,WAIT ZCD,1,0
1787191469992,34739.453,9559.5,1.6504,1,WAIT ZCD,1,0
1787191470002,34739.453,9559.5,1.6504,1,WAIT ZCD,1,0
1787191470012,34739.453,9559.5,1.6504,1,WAIT ZCD,1,0
1787191470022,34739.453,9559.5,1.6504,1,WAIT ZCD,1,0
1787191470032,34739.453,9559.5,1.6504,1,WAIT ZCD,1,0
1787191470042,34725.094,9559.5,1.6504,1,WAIT ZCD,1,0
1787191470052,34725.094,9559.5,1.6504,1,WAIT ZCD,1,0
1787191470062,34739.453,9559.5,1.6504,1,WAIT ZCD,1,0
1787191470072,34739.453,9559.5,1.6504,1,WAIT ZCD,1,0
1787191470082,34739.453,9559.5,1.6504,1,WAIT ZCD,1,0
1787191470092,34725.094,9559.5,1.6504,1,WAIT ZCD,1,0
1787191470102,34739.453,9559.5,1.6504,1,WAIT ZCD,1,0
1787191470112,34739.453,9559.5,1.6504,1,WAIT ZCD,1,0
1787191470122,34739.453,9559.5,1.6504,1,WAIT ZCD,1,0
1787191470132,34739.453,9559.5,1.6504,1,WAIT ZCD,1,0
1787191470142,34739.453,9559.5,1.6504,1,WAIT ZCD,1,0
1787191470152,34739.453,9559.5,1.6504,1,WAIT ZCD,1,0
1787191470162,34739.453,9559.5,1.6504,1,WAIT ZCD,1,0
1787191470172,34725.094,9559.5,1.6504,1,WAIT ZCD,1,0
1787191470182,34725.094,9559.5,1.6504,1,WAIT ZCD,1,0
1787191470192,34725.094,9559.5,1.6504,1,WAIT ZCD,1,0
1787191470202,34739.453,9559.5,1.6504,1,WAIT ZCD,1,0
1787191470212,34739.453,9559.5,1.6504,1,WAIT ZCD,1,0
1787191470222,34739.453,9559.5,1.6504,1,WAIT ZCD,1,0
1787191470232,34739.453,9559.5,1.6504,1,WAIT ZCD,1,0
1787191470242,34739.453,9559.5,1.6504,1,WAIT ZCD,1,0
1787191470252,34725.094,9559.5,1.6504,1,WAIT ZCD,1,0
1787191470262,34739.453,9559.5,1.6504,1,WAIT ZCD,1,0
1787191470272,34739.453,9559.5,1.6504,1,WAIT ZCD,1,0
1787191470282,34739.453,9559.5,1.6504,1,WAIT ZCD,1,0
1787191470292,34739.453,9559.5,1.6504,1,WAIT ZCD,1,0
1787191470302,34739.453,9559.5,1.6504,1,WAIT ZCD,1,0
1787191470312,34739.453,9559.5,1.6504,1,WAIT ZCD,1,0
1787191470322,34739.453,9559.5,1.6504,1,WAIT ZCD,1,0
1787191470332,34739.453,9559.5,1.6504,1,WAIT ZCD,1,0
1787191470342,34739.453,9559.5,1.6504,1,WAIT ZCD,1,0
1787191470352,34739.453,9559.5,1.6504,1,WAIT ZCD,1,0
1787191470362,34739.453,9559.5,1.6504,1,WAIT ZCD,1,0
1787191470372,34739.453,9559.5,1.6504,1,WAIT ZCD,1,0
1787191470382,34753.828,9559.5,1.6504,1,WAIT ZCD,1,0
1787191470392,34739.453,9559.5,1.6504,1,WAIT ZCD,1,0
1787191470402,34739.453,9559.5,1.6504,1,WAIT ZCD,1,0
1787191470412,34739.453,9559.5,1.6504,1,WAIT ZCD,1,0
1787191470422,34739.453,9559.5,1.6504,1,WAIT ZCD,1,0
1787191470432,34739.453,9559.5,1.6504,1,WAIT ZCD,1,0
1787191470442,34739.453,9559.5,1.6504,1,WAIT ZCD,1,0
1787191470452,34725.094,9559.5,1.6504,1,WAIT ZCD,1,0
1787191470462,34739.453,9559.5,1.6504,1,WAIT ZCD,1,0
1787191470472,34725.094,9559.5,1.6504,1,WAIT ZCD,1,0
1787191470482,34725.094,9559.5,1.6504,1,WAIT ZCD,1,0
1787191470492,34739.453,9559.5,1.6504,1,WAIT ZCD,1,0
1787191470503,34739.453,9559.5,1.6504,1,WAIT ZCD,1,0
1787191470512,34739.453,9559.5,1.6504,1,WAIT ZCD,1,0
1787191470522,34739.453,9559.5,1.6504,1,WAIT ZCD,1,0
1787191470532,34739.453,9559.5,1.6504,1,WAIT ZCD,1,0
1787191470542,34739.453,9559.5,1.6504,1,WAIT ZCD,1,0
1787191470552,34739.453,9559.5,1.6504,1,WAIT ZCD,1,0
1787191470562,34725.094,9559.5,1.6504,1,WAIT ZCD,1,0
1787191470573,34753.828,9559.5,1.6504,1,WAIT ZCD,1,0
1787191470582,34739.453,9559.5,1.6504,1,WAIT ZCD,1,0
1787191470592,34739.453,9559.5,1.6504,1,WAIT ZCD,1,0
1787191470602,34739.453,9559.5,1.6504,1,WAIT ZCD,1,0
1787191470612,34753.828,9559.5,1.6504,1,WAIT ZCD,1,0
1787191470622,34739.453,9559.5,1.6504,1,WAIT ZCD,1,0
1787191470632,34739.453,9559.5,1.6504,1,WAIT ZCD,1,0
1787191470642,34739.453,9559.5,1.6504,1,WAIT ZCD,1,0
1787191470653,34739.453,9559.5,1.6504,1,WAIT ZCD,1,0
1787191470662,34739.453,9559.5,1.6504,1,WAIT ZCD,1,0
1787191470672,34725.094,9559.5,1.6504,1,WAIT ZCD,1,0
1787191470682,34739.453,9559.5,1.6504,1,WAIT ZCD,1,0
1787191470692,34725.094,9559.5,1.6504,1,WAIT ZCD,1,0
1787191470702,34725.094,9559.5,1.6504,1,WAIT ZCD,1,0
1787191470712,34739.453,9559.5,1.6504,1,WAIT ZCD,1,0
1787191470722,34739.453,9559.5,1.6504,1,WAIT ZCD,1,0
1787191470732,34739.453,9559.5,1.6504,1,WAIT ZCD,1,0
1787191470742,34739.453,9559.5,1.6504,1,WAIT ZCD,1,0
1787191470752,34739.453,9559.5,1.6504,1,WAIT ZCD,1,0
1787191470762,34739.453,9559.5,1.6504,1,WAIT ZCD,1,0
1787191470772,34739.453,9559.5,1.6504,1,WAIT ZCD,1,0
1787191470782,34739.453,9559.5,1.6504,1,WAIT ZCD,1,0
1787191470792,34739.453,9559.5,1.6504,1,WAIT ZCD,1,0
1787191470802,34739.453,9559.5,1.6504,1,WAIT ZCD,1,0
1787191470812,34739.453,9559.5,1.6504,1,WAIT ZCD,1,0
1787191470823,34725.094,9559.5,1.6504,1,WAIT ZCD,1,0
1787191470832,34739.453,9559.5,1.6504,1,WAIT ZCD,1,0
1787191470842,34753.828,9559.5,1.6504,1,WAIT ZCD,1,0
1787191470852,34725.094,9559.5,1.6504,1,WAIT ZCD,1,0
1787191470862,34739.453,9559.5,1.6504,1,WAIT ZCD,1,0
1787191470872,34739.453,9559.5,1.6504,1,WAIT ZCD,1,0
1787191470882,34739.453,9559.5,1.6504,1,WAIT ZCD,1,0
1787191470892,34739.453,9559.5,1.6504,1,WAIT ZCD,1,0
1787191470902,34739.453,9559.5,1.6504,1,WAIT ZCD,1,0
1787191470912,34739.453,9559.5,1.6504,1,WAIT ZCD,1,0
1787191470922,34725.094,9559.5,1.6504,1,WAIT ZCD,1,0
1787191470932,34739.453,9559.5,1.6504,1,WAIT ZCD,1,0
1787191470942,34739.453,9559.5,1.6504,1,WAIT ZCD,1,0
1787191470952,34739.453,9559.5,1.6504,1,WAIT ZCD,1,0
1787191470965,34739.453,9559.5,1.6504,1,WAIT ZCD,1,0
1787191470972,34739.453,9559.5,1.6504,1,WAIT ZCD,1,0
1787191470982,34739.453,9559.5,1.6504,1,WAIT ZCD,1,0
1787191470992,34753.828,9559.5,1.6504,1,WAIT ZCD,1,0
1787191471002,34739.453,9559.5,1.6504,1,WAIT ZCD,1,0
1787191471012,34739.453,9559.5,1.6504,1,WAIT ZCD,1,0
1787191471022,34739.453,9559.5,1.6504,1,WAIT ZCD,1,0
1787191471032,34739.453,9559.5,1.6504,1,WAIT ZCD,1,0
1787191471042,34739.453,9559.5,1.6504,1,WAIT ZCD,1,0
1787191471052,34725.094,9559.5,1.6504,1,WAIT ZCD,1,0
1787191471062,34739.453,9559.5,1.6504,1,WAIT ZCD,1,0
1787191471072,34739.453,9559.5,1.6504,1,WAIT ZCD,1,0
1787191471082,34739.453,9559.5,1.6504,1,WAIT ZCD,1,0
1787191471092,34739.453,9559.5,1.6504,1,WAIT ZCD,1,0
1787191471102,34739.453,9559.5,1.6504,1,WAIT ZCD,1,0
1787191471112,34739.453,9559.5,1.6504,1,WAIT ZCD,1,0
1787191471122,34725.094,9559.5,1.6504,1,WAIT ZCD,1,0
1787191471132,34739.453,9559.5,1.6504,1,WAIT ZCD,1,0
1787191471142,34739.453,9559.5,1.6504,1,WAIT ZCD,1,0
1787191471152,34739.453,9559.5,1.6504,1,WAIT ZCD,1,0
1787191471162,34739.453,9559.5,1.6504,1,WAIT ZCD,1,0
1787191471172,34739.453,9559.5,1.6504,1,WAIT ZCD,1,0
1787191471182,34739.453,9559.5,1.6504,1,WAIT ZCD,1,0
1787191471192,34739.453,9559.5,1.6504,1,WAIT ZCD,1,0
1787191471202,34725.094,9559.5,1.6504,1,WAIT ZCD,1,0
1787191471212,34739.453,9559.5,1.6504,1,WAIT ZCD,1,0
1787191471222,34739.453,9559.5,1.6504,1,WAIT ZCD,1,0
1787191471232,34739.453,9559.5,1.6504,1,WAIT ZCD,1,0
1787191471242,34739.453,9559.5,1.6504,1,WAIT ZCD,1,0
1787191471252,34739.453,9559.5,1.6504,1,WAIT ZCD,1,0
1787191471262,34725.094,9559.5,1.6504,1,WAIT ZCD,1,0
1787191471272,34739.453,9559.5,1.6504,1,WAIT ZCD,1,0
1787191471285,34739.453,9559.5,1.6504,1,WAIT ZCD,1,0
1787191471292,34739.453,9559.5,1.6504,1,WAIT ZCD,1,0
1787191471302,34739.453,9559.5,1.6504,1,WAIT ZCD,1,0
1787191471312,34739.453,9559.5,1.6504,1,WAIT ZCD,1,0
1787191471322,34739.453,9559.5,1.6504,1,WAIT ZCD,1,0
1787191471332,34739.453,9559.5,1.6504,1,WAIT ZCD,1,0
1787191471342,34739.453,9559.5,1.6504,1,WAIT ZCD,1,0
1787191471352,34739.453,9559.5,1.6504,1,WAIT ZCD,1,0
1787191471362,34725.094,9559.5,1.6504,1,WAIT ZCD,1,0
1787191471372,34739.453,9559.5,1.6504,1,WAIT ZCD,1,0
1787191471382,34725.094,9559.5,1.6504,1,WAIT ZCD,1,0
1787191471392,34739.453,9559.5,1.6504,1,WAIT ZCD,1,0
1787191471402,34739.453,9559.5,1.6504,1,WAIT ZCD,1,0
1787191471412,34739.453,9559.5,1.6504,1,WAIT ZCD,1,0
1787191471422,34725.094,9559.5,1.6504,1,WAIT ZCD,1,0
1787191471432,34739.453,9559.5,1.6504,1,WAIT ZCD,1,0
1787191471442,34739.453,9559.5,1.6504,1,WAIT ZCD,1,0
1787191471452,34739.453,9559.5,1.6504,1,WAIT ZCD,1,0
1787191471462,34739.453,9559.5,1.6504,1,WAIT ZCD,1,0
1787191471472,34725.094,9559.5,1.6504,1,WAIT ZCD,1,0
1787191471482,34739.453,9559.5,1.6504,1,WAIT ZCD,1,0
1787191471492,34725.094,9559.5,1.6504,1,WAIT ZCD,1,0
1787191471502,34768.211,9178.6,1.6504,2,TRACK,0,0
1787191471512,34610.629,8940.5,1.6198,2,TRACK,0,0
1787191471522,34525.277,8797.6,1.5988,2,TRACK,0,0
1787191471532,34426.230,8642.9,1.5779,2,TRACK,0,0
1787191471542,34341.781,8381.0,1.5577,2,TRACK,0,0
1787191471552,34243.781,8035.7,1.5384,2,TRACK,0,0
1787191471562,34160.227,7619.0,1.5199,2,TRACK,0,0
1787191471572,34063.262,7035.7,1.5021,2,TRACK,0,0
1787191471582,33980.582,6238.1,1.4860,2,TRACK,0,0
1787191471592,33884.633,4988.1,1.4723,2,TRACK,0,0
1787191471602,33802.816,4035.7,1.4618,2,TRACK,0,0
1787191471612,33734.941,2595.2,1.4538,2,TRACK,0,0
1787191471622,33721.398,2083.3,1.4514,2,TRACK,0,0
1787191471632,33680.836,1571.4,1.4473,2,TRACK,0,0
1787191471642,33653.848,571.4,1.4441,2,TRACK,0,0
1787191471652,33667.336,309.5,1.4441,2,TRACK,0,0
1787191471662,33640.367,107.1,1.4441,2,TRACK,0,0
1787191471672,33653.848,83.3,1.4441,2,TRACK,0,0
1787191471683,33653.848,142.9,1.4441,2,TRACK,0,0
1787191471692,33640.367,59.5,1.4433,3,LOCK,0,1
1787191471702,33653.848,71.4,1.4433,2,TRACK,0,0
1787191471712,33653.848,71.4,1.4433,2,TRACK,0,0
1787191471722,33653.848,59.5,1.4433,3,LOCK,0,1
1787191471732,33640.367,95.2,1.4433,2,TRACK,0,0
1787191471742,33653.848,95.2,1.4425,2,TRACK,0,0
1787191471752,33653.848,95.2,1.4425,2,TRACK,0,0
1787191471762,33640.367,23.8,1.4425,3,LOCK,0,1
1787191471772,33640.367,59.5,1.4425,3,LOCK,0,1
1787191471782,33640.367,59.5,1.4417,3,LOCK,0,1
1787191471792,33640.367,71.4,1.4417,2,TRACK,0,0
1787191471802,33653.848,83.3,1.4417,2,TRACK,0,0
1787191471812,33640.367,131.0,1.4417,2,TRACK,0,0
1787191471822,33626.902,95.2,1.4409,2,TRACK,0,0
1787191471832,33640.367,59.5,1.4409,3,LOCK,0,1
1787191471842,33640.367,83.3,1.4409,2,TRACK,0,0
1787191471852,33640.367,59.5,1.4409,3,LOCK,0,1
1787191471862,33626.902,119.0,1.4409,2,TRACK,0,0
1787191471872,33626.902,178.6,1.4409,2,TRACK,0,0
1787191471882,33640.367,71.4,1.4401,2,TRACK,0,0
1787191471892,33626.902,47.6,1.4401,3,LOCK,0,1
1787191471902,33626.902,119.0,1.4401,2,TRACK,0,0
1787191471912,33640.367,83.3,1.4393,2,TRACK,0,0
1787191471922,33626.902,71.4,1.4393,2,TRACK,0,0
1787191471932,33640.367,119.0,1.4393,2,TRACK,0,0
1787191471942,33626.902,71.4,1.4393,2,TRACK,0,0
1787191471952,33640.367,107.1,1.4393,2,TRACK,0,0
1787191471962,33626.902,23.8,1.4385,3,LOCK,0,1
1787191471972,33626.902,11.9,1.4385,3,LOCK,0,1
1787191471982,33626.902,107.1,1.4385,2,TRACK,0,0
1787191471992,33613.445,59.5,1.4385,3,LOCK,0,1
1787191472002,33762.059,9178.6,1.4385,1,WAIT ZCD,1,0
1787191472012,34739.453,9178.6,1.6504,1,WAIT ZCD,1,0
1787191472022,34739.453,9178.6,1.6504,1,WAIT ZCD,1,0
1787191472032,34739.453,9178.6,1.6504,1,WAIT ZCD,1,0
1787191472042,34739.453,9178.6,1.6504,1,WAIT ZCD,1,0
1787191472052,34739.453,9178.6,1.6504,1,WAIT ZCD,1,0
1787191472062,34739.453,9178.6,1.6504,1,WAIT ZCD,1,0
1787191472072,34739.453,9178.6,1.6504,1,WAIT ZCD,1,0
1787191472082,34739.453,9178.6,1.6504,1,WAIT ZCD,1,0
1787191472092,34739.453,9178.6,1.6504,1,WAIT ZCD,1,0
1787191472102,34725.094,9178.6,1.6504,1,WAIT ZCD,1,0
1787191472112,34739.453,9178.6,1.6504,1,WAIT ZCD,1,0
1787191472122,34725.094,9178.6,1.6504,1,WAIT ZCD,1,0
1787191472132,34725.094,9178.6,1.6504,1,WAIT ZCD,1,0
1787191472142,34739.453,9178.6,1.6504,1,WAIT ZCD,1,0
1787191472152,34725.094,9178.6,1.6504,1,WAIT ZCD,1,0
1787191472162,34725.094,9178.6,1.6504,1,WAIT ZCD,1,0
1787191472172,34739.453,9178.6,1.6504,1,WAIT ZCD,1,0
1787191472182,34739.453,9178.6,1.6504,1,WAIT ZCD,1,0
1787191472192,34739.453,9178.6,1.6504,1,WAIT ZCD,1,0
1787191472202,34739.453,9178.6,1.6504,1,WAIT ZCD,1,0
1787191472214,34739.453,9178.6,1.6504,1,WAIT ZCD,1,0
1787191472222,34739.453,9178.6,1.6504,1,WAIT ZCD,1,0
1787191472232,34739.453,9178.6,1.6504,1,WAIT ZCD,1,0
1787191472242,34739.453,9178.6,1.6504,1,WAIT ZCD,1,0
1787191472252,34725.094,9178.6,1.6504,1,WAIT ZCD,1,0
1787191472262,34739.453,9178.6,1.6504,1,WAIT ZCD,1,0
1787191472272,34725.094,9178.6,1.6504,1,WAIT ZCD,1,0
1787191472282,34739.453,9178.6,1.6504,1,WAIT ZCD,1,0
1787191472292,34739.453,9178.6,1.6504,1,WAIT ZCD,1,0
1787191472302,34739.453,9178.6,1.6504,1,WAIT ZCD,1,0
1787191472312,34739.453,9178.6,1.6504,1,WAIT ZCD,1,0
1787191472323,34739.453,9178.6,1.6504,1,WAIT ZCD,1,0
1787191472332,34739.453,9178.6,1.6504,1,WAIT ZCD,1,0
1787191472347,34739.453,9178.6,1.6504,1,WAIT ZCD,1,0
1787191472356,34739.453,9178.6,1.6504,1,WAIT ZCD,1,0
1787191472362,34739.453,9178.6,1.6504,1,WAIT ZCD,1,0
1787191472372,34739.453,9178.6,1.6504,1,WAIT ZCD,1,0
1787191472382,34725.094,9178.6,1.6504,1,WAIT ZCD,1,0
1787191472392,34725.094,9178.6,1.6504,1,WAIT ZCD,1,0
1787191472402,34725.094,9178.6,1.6504,1,WAIT ZCD,1,0
1787191472412,34739.453,9178.6,1.6504,1,WAIT ZCD,1,0
1787191472422,34739.453,9178.6,1.6504,1,WAIT ZCD,1,0
1787191472432,34739.453,9178.6,1.6504,1,WAIT ZCD,1,0
1787191472442,34739.453,9178.6,1.6504,1,WAIT ZCD,1,0
1787191472452,34739.453,9178.6,1.6504,1,WAIT ZCD,1,0
1787191472462,34739.453,9178.6,1.6504,1,WAIT ZCD,1,0
1787191472472,34739.453,9178.6,1.6504,1,WAIT ZCD,1,0
1787191472482,34739.453,9178.6,1.6504,1,WAIT ZCD,1,0
1787191472492,34739.453,9178.6,1.6504,1,WAIT ZCD,1,0
1787191472502,34768.211,8952.4,1.6504,2,TRACK,0,0
1787191472512,34624.898,8881.0,1.6198,2,TRACK,0,0
1787191472522,34525.277,8690.5,1.5988,2,TRACK,0,0
1787191472532,34440.344,8488.1,1.5787,2,TRACK,0,0
1787191472542,34327.750,8261.9,1.5585,2,TRACK,0,0
1787191472552,34257.750,8023.8,1.5392,2,TRACK,0,0
1787191472562,34160.227,7642.9,1.5207,2,TRACK,0,0
1787191472572,34063.262,7154.8,1.5037,2,TRACK,0,0
1787191472582,33994.336,6547.6,1.4868,2,TRACK,0,0
1787191472592,33911.992,6000.0,1.4723,2,TRACK,0,0
1787191472602,33816.426,4750.0,1.4594,2,TRACK,0,0
1787191472612,33762.059,3642.9,1.4497,2,TRACK,0,0
1787191472622,33694.344,2785.7,1.4417,2,TRACK,0,0
1787191472632,33667.336,2404.8,1.4360,2,TRACK,0,0
1787191472642,33653.848,1904.8,1.4312,2,TRACK,0,0
1787191472652,33600.000,476.2,1.4280,2,TRACK,0,0
1787191472662,33613.445,-83.3,1.4304,2,TRACK,0,0
1787191472672,33613.445,-142.9,1.4304,2,TRACK,0,0
1787191472682,33613.445,-95.2,1.4312,2,TRACK,0,0
1787191472692,33626.902,-95.2,1.4312,2,TRACK,0,0
1787191472702,33626.902,-71.4,1.4312,2,TRACK,0,0
1787191472712,33613.445,-23.8,1.4320,3,LOCK,0,1
1787191472722,33626.902,-107.1,1.4312,2,TRACK,0,0
1787191472732,33626.902,-23.8,1.4320,3,LOCK,0,1
1787191472742,33613.445,-47.6,1.4320,3,LOCK,0,1
1787191472752,33613.445,-47.6,1.4320,3,LOCK,0,1
1787191472762,33613.445,-47.6,1.4320,3,LOCK,0,1
1787191472772,33613.445,-59.5,1.4320,3,LOCK,0,1
1787191472782,33613.445,-47.6,1.4320,3,LOCK,0,1
1787191472792,33613.445,-35.7,1.4320,3,LOCK,0,1
1787191472802,33626.902,-35.7,1.4328,3,LOCK,0,1
1787191472812,33613.445,35.7,1.4328,3,LOCK,0,1
1787191472822,33626.902,11.9,1.4328,3,LOCK,0,1
1787191472832,33626.902,47.6,1.4328,3,LOCK,0,1
1787191472842,33626.902,11.9,1.4328,3,LOCK,0,1
1787191472852,33613.445,11.9,1.4328,3,LOCK,0,1
1787191472862,33626.902,23.8,1.4328,3,LOCK,0,1
1787191472872,33613.445,-47.6,1.4320,3,LOCK,0,1
1787191472882,33626.902,71.4,1.4328,2,TRACK,0,0
1787191472892,33613.445,23.8,1.4328,3,LOCK,0,1
1787191472902,33613.445,-59.5,1.4320,3,LOCK,0,1
1787191472912,33613.445,47.6,1.4328,3,LOCK,0,1
1787191472922,33613.445,-59.5,1.4320,3,LOCK,0,1
1787191472932,33626.902,23.8,1.4328,3,LOCK,0,1
1787191472942,33626.902,47.6,1.4328,3,LOCK,0,1
1787191472952,33613.445,0.0,1.4320,3,LOCK,0,1
1787191472962,33626.902,119.0,1.4328,2,TRACK,0,0
1787191472972,33613.445,0.0,1.4320,3,LOCK,0,1
1787191472982,33613.445,0.0,1.4320,3,LOCK,0,1
1787191472992,33613.445,11.9,1.4320,3,LOCK,0,1
1787191473002,33748.492,10952.4,1.4320,2,TRACK,0,0
1787191473012,34739.453,8952.4,1.6504,1,WAIT ZCD,1,0
1787191473022,34739.453,8952.4,1.6504,1,WAIT ZCD,1,0
1787191473032,34739.453,8952.4,1.6504,1,WAIT ZCD,1,0
1787191473042,34725.094,8952.4,1.6504,1,WAIT ZCD,1,0
1787191473052,34739.453,8952.4,1.6504,1,WAIT ZCD,1,0
1787191473062,34753.828,8952.4,1.6504,1,WAIT ZCD,1,0
1787191473072,34739.453,8952.4,1.6504,1,WAIT ZCD,1,0
1787191473082,34739.453,8952.4,1.6504,1,WAIT ZCD,1,0
1787191473092,34739.453,8952.4,1.6504,1,WAIT ZCD,1,0
1787191473102,34739.453,8952.4,1.6504,1,WAIT ZCD,1,0
1787191473112,34739.453,8952.4,1.6504,1,WAIT ZCD,1,0
1787191473122,34739.453,8952.4,1.6504,1,WAIT ZCD,1,0
1787191473132,34739.453,8952.4,1.6504,1,WAIT ZCD,1,0
1787191473142,34739.453,8952.4,1.6504,1,WAIT ZCD,1,0
1787191473152,34739.453,8952.4,1.6504,1,WAIT ZCD,1,0
1787191473162,34739.453,8952.4,1.6504,1,WAIT ZCD,1,0
1787191473172,34739.453,8952.4,1.6504,1,WAIT ZCD,1,0
1787191473182,34739.453,8952.4,1.6504,1,WAIT ZCD,1,0
1787191473192,34725.094,8952.4,1.6504,1,WAIT ZCD,1,0
1787191473202,34739.453,8952.4,1.6504,1,WAIT ZCD,1,0
1787191473212,34739.453,8952.4,1.6504,1,WAIT ZCD,1,0
1787191473222,34739.453,8952.4,1.6504,1,WAIT ZCD,1,0
1787191473232,34739.453,8952.4,1.6504,1,WAIT ZCD,1,0
1787191473242,34739.453,8952.4,1.6504,1,WAIT ZCD,1,0
1787191473252,34739.453,8952.4,1.6504,1,WAIT ZCD,1,0
1787191473262,34725.094,8952.4,1.6504,1,WAIT ZCD,1,0
1787191473272,34739.453,8952.4,1.6504,1,WAIT ZCD,1,0
1787191473282,34753.828,8952.4,1.6504,1,WAIT ZCD,1,0
1787191473292,34725.094,8952.4,1.6504,1,WAIT ZCD,1,0
1787191473302,34739.453,8952.4,1.6504,1,WAIT ZCD,1,0
1787191473312,34725.094,8952.4,1.6504,1,WAIT ZCD,1,0
1787191473322,34739.453,8952.4,1.6504,1,WAIT ZCD,1,0
1787191473332,34739.453,8952.4,1.6504,1,WAIT ZCD,1,0
1787191473342,34739.453,8952.4,1.6504,1,WAIT ZCD,1,0
1787191473352,34753.828,8952.4,1.6504,1,WAIT ZCD,1,0
1787191473362,34725.094,8952.4,1.6504,1,WAIT ZCD,1,0
1787191473372,34739.453,8952.4,1.6504,1,WAIT ZCD,1,0
1787191473382,34739.453,8952.4,1.6504,1,WAIT ZCD,1,0
1787191473392,34739.453,8952.4,1.6504,1,WAIT ZCD,1,0
1787191473402,34725.094,8952.4,1.6504,1,WAIT ZCD,1,0
1787191473412,34739.453,8952.4,1.6504,1,WAIT ZCD,1,0
1787191473422,34739.453,8952.4,1.6504,1,WAIT ZCD,1,0
1787191473432,34739.453,8952.4,1.6504,1,WAIT ZCD,1,0
1787191473442,34739.453,8952.4,1.6504,1,WAIT ZCD,1,0
1787191473452,34739.453,8952.4,1.6504,1,WAIT ZCD,1,0
1787191473462,34739.453,8952.4,1.6504,1,WAIT ZCD,1,0
1787191473472,34725.094,8952.4,1.6504,1,WAIT ZCD,1,0
1787191473482,34739.453,8952.4,1.6504,1,WAIT ZCD,1,0
1787191473492,34739.453,8952.4,1.6504,1,WAIT ZCD,1,0
1787191473502,34739.453,8952.4,1.6504,1,WAIT ZCD,1,0
1787191473512,34624.898,8833.3,1.6198,2,TRACK,0,0
1787191473522,34525.277,8642.9,1.5996,2,TRACK,0,0
1787191473532,34426.230,8488.1,1.5787,2,TRACK,0,0
1787191473542,34341.781,8285.7,1.5593,2,TRACK,0,0
1787191473552,34243.781,8047.6,1.5400,2,TRACK,0,0
1787191473562,34160.227,7726.2,1.5215,2,TRACK,0,0
1787191473572,34063.262,7202.4,1.5029,2,TRACK,0,0
1787191473582,33980.582,6642.9,1.4868,2,TRACK,0,0
1787191473592,33898.305,5881.0,1.4715,2,TRACK,0,0
1787191473602,33816.426,4773.8,1.4586,2,TRACK,0,0
1787191473612,33748.492,3845.2,1.4473,2,TRACK,0,0
1787191473622,33680.836,2940.5,1.4393,2,TRACK,0,0
1787191473632,33667.336,2607.1,1.4336,2,TRACK,0,0
1787191473642,33613.445,1750.0,1.4280,2,TRACK,0,0
1787191473652,33600.000,488.1,1.4256,2,TRACK,0,0
1787191473662,33613.445,-83.3,1.4272,2,TRACK,0,0
1787191473672,33613.445,-47.6,1.4280,3,LOCK,0,1
1787191473682,33613.445,-71.4,1.4280,2,TRACK,0,0
1787191473692,33613.445,-47.6,1.4280,3,LOCK,0,1
1787191473702,33600.000,-35.7,1.4280,3,LOCK,0,1
1787191473712,33600.000,-83.3,1.4280,2,TRACK,0,0
1787191473722,33613.445,-83.3,1.4280,2,TRACK,0,0
1787191473732,33613.445,-23.8,1.4288,3,LOCK,0,1
1787191473742,33600.000,0.0,1.4288,3,LOCK,0,1
1787191473752,33613.445,-59.5,1.4288,3,LOCK,0,1
1787191473762,33613.445,-47.6,1.4288,3,LOCK,0,1
1787191473772,33613.445,35.7,1.4288,3,LOCK,0,1
1787191473782,33613.445,-47.6,1.4288,3,LOCK,0,1
1787191473792,33600.000,11.9,1.4288,3,LOCK,0,1
1787191473802,33613.445,-47.6,1.4288,3,LOCK,0,1
1787191473812,33600.000,11.9,1.4288,3,LOCK,0,1
1787191473822,33613.445,-71.4,1.4288,2,TRACK,0,0
1787191473832,33600.000,11.9,1.4288,3,LOCK,0,1
1787191473842,33600.000,-71.4,1.4288,2,TRACK,0,0
1787191473852,33613.445,35.7,1.4296,3,LOCK,0,1
1787191473862,33600.000,-59.5,1.4288,3,LOCK,0,1
1787191473872,33613.445,23.8,1.4296,3,LOCK,0,1
1787191473882,33600.000,-11.9,1.4288,3,LOCK,0,1
1787191473892,33600.000,11.9,1.4288,3,LOCK,0,1
1787191473902,33613.445,11.9,1.4296,3,LOCK,0,1
1787191473912,33600.000,23.8,1.4288,3,LOCK,0,1
1787191473922,33600.000,-23.8,1.4288,3,LOCK,0,1
1787191473932,33613.445,35.7,1.4288,3,LOCK,0,1
1787191473942,33613.445,-95.2,1.4288,2,TRACK,0,0
1787191473952,33613.445,11.9,1.4296,3,LOCK,0,1
1787191473962,33600.000,23.8,1.4296,3,LOCK,0,1
1787191473972,33613.445,-23.8,1.4288,3,LOCK,0,1
1787191473982,33600.000,23.8,1.4296,3,LOCK,0,1
1787191473992,33600.000,0.0,1.4288,3,LOCK,0,1
1787191474002,33600.000,23.8,1.4296,3,LOCK,0,1
1787191474012,33721.398,8833.3,1.4288,1,WAIT ZCD,1,0
1787191474022,34739.453,8833.3,1.6504,1,WAIT ZCD,1,0
1787191474032,34739.453,8833.3,1.6504,1,WAIT ZCD,1,0
1787191474042,34739.453,8833.3,1.6504,1,WAIT ZCD,1,0
1787191474052,34739.453,8833.3,1.6504,1,WAIT ZCD,1,0
1787191474062,34739.453,8833.3,1.6504,1,WAIT ZCD,1,0
1787191474072,34739.453,8833.3,1.6504,1,WAIT ZCD,1,0
1787191474082,34739.453,8833.3,1.6504,1,WAIT ZCD,1,0
1787191474092,34739.453,8833.3,1.6504,1,WAIT ZCD,1,0
1787191474102,34739.453,8833.3,1.6504,1,WAIT ZCD,1,0
1787191474112,34739.453,8833.3,1.6504,1,WAIT ZCD,1,0
1787191474122,34739.453,8833.3,1.6504,1,WAIT ZCD,1,0
1787191474132,34739.453,8833.3,1.6504,1,WAIT ZCD,1,0
1787191474142,34739.453,8833.3,1.6504,1,WAIT ZCD,1,0
1787191474152,34725.094,8833.3,1.6504,1,WAIT ZCD,1,0
1787191474162,34753.828,8833.3,1.6504,1,WAIT ZCD,1,0
1787191474172,34739.453,8833.3,1.6504,1,WAIT ZCD,1,0
1787191474182,34739.453,8833.3,1.6504,1,WAIT ZCD,1,0
1787191474192,34739.453,8833.3,1.6504,1,WAIT ZCD,1,0
1787191474202,34739.453,8833.3,1.6504,1,WAIT ZCD,1,0
1787191474212,34725.094,8833.3,1.6504,1,WAIT ZCD,1,0
1787191474222,34739.453,8833.3,1.6504,1,WAIT ZCD,1,0
1787191474232,34739.453,8833.3,1.6504,1,WAIT ZCD,1,0
1787191474242,34739.453,8833.3,1.6504,1,WAIT ZCD,1,0
1787191474252,34739.453,8833.3,1.6504,1,WAIT ZCD,1,0
1787191474262,34739.453,8833.3,1.6504,1,WAIT ZCD,1,0
1787191474272,34753.828,8833.3,1.6504,1,WAIT ZCD,1,0
1787191474282,34739.453,8833.3,1.6504,1,WAIT ZCD,1,0
1787191474292,34739.453,8833.3,1.6504,1,WAIT ZCD,1,0
1787191474302,34739.453,8833.3,1.6504,1,WAIT ZCD,1,0
1787191474312,34739.453,8833.3,1.6504,1,WAIT ZCD,1,0
1787191474322,34739.453,8833.3,1.6504,1,WAIT ZCD,1,0
1787191474332,34725.094,8833.3,1.6504,1,WAIT ZCD,1,0
1787191474342,34739.453,8833.3,1.6504,1,WAIT ZCD,1,0
1787191474352,34739.453,8833.3,1.6504,1,WAIT ZCD,1,0
1787191474362,34739.453,8833.3,1.6504,1,WAIT ZCD,1,0
1787191474372,34739.453,8833.3,1.6504,1,WAIT ZCD,1,0
1787191474382,34739.453,8833.3,1.6504,1,WAIT ZCD,1,0
1787191474392,34739.453,8833.3,1.6504,1,WAIT ZCD,1,0
1787191474402,34739.453,8833.3,1.6504,1,WAIT ZCD,1,0
1787191474412,34725.094,8833.3,1.6504,1,WAIT ZCD,1,0
1787191474422,34725.094,8833.3,1.6504,1,WAIT ZCD,1,0
1787191474432,34739.453,8833.3,1.6504,1,WAIT ZCD,1,0
1787191474442,34739.453,8833.3,1.6504,1,WAIT ZCD,1,0
1787191474452,34739.453,8833.3,1.6504,1,WAIT ZCD,1,0
1787191474462,34739.453,8833.3,1.6504,1,WAIT ZCD,1,0
1787191474472,34739.453,8833.3,1.6504,1,WAIT ZCD,1,0
1787191474482,34739.453,8833.3,1.6504,1,WAIT ZCD,1,0
1787191474492,34739.453,8833.3,1.6504,1,WAIT ZCD,1,0
1787191474502,34739.453,8833.3,1.6504,1,WAIT ZCD,1,0
1787191474512,34768.211,8892.9,1.6504,2,TRACK,0,0
1787191474522,34624.898,8857.1,1.6198,2,TRACK,0,0
1787191474532,34525.277,8702.4,1.5988,2,TRACK,0,0
1787191474542,34426.230,8511.9,1.5787,2,TRACK,0,0
1787191474552,34327.750,8345.2,1.5585,2,TRACK,0,0
1787191474562,34243.781,8083.3,1.5392,2,TRACK,0,0
1787191474572,34160.227,7785.7,1.5207,2,TRACK,0,0
1787191474582,34063.262,7285.7,1.5029,2,TRACK,0,0
1787191474592,33994.336,6738.1,1.4860,2,TRACK,0,0
1787191474602,33911.992,5952.4,1.4707,2,TRACK,0,0
1787191474612,33816.426,5035.7,1.4578,2,TRACK,0,0
1787191474622,33748.492,3904.8,1.4465,2,TRACK,0,0
1787191474632,33680.836,2702.4,1.4393,2,TRACK,0,0
1787191474642,33613.445,1000.0,1.4328,2,TRACK,0,0
1787191474652,33626.902,571.4,1.4344,2,TRACK,0,0
1787191474662,33626.902,452.4,1.4328,2,TRACK,0,0
1787191474672,33613.445,381.0,1.4320,2,TRACK,0,0
1787191474682,33613.445,333.3,1.4312,2,TRACK,0,0
1787191474692,33613.445,285.7,1.4312,2,TRACK,0,0
1787191474702,33613.445,238.1,1.4304,2,TRACK,0,0
1787191474712,33600.000,226.2,1.4296,2,TRACK,0,0
1787191474722,33613.445,202.4,1.4296,2,TRACK,0,0
1787191474732,33600.000,142.9,1.4288,2,TRACK,0,0
1787191474742,33600.000,47.6,1.4288,3,LOCK,0,1
1787191474752,33600.000,107.1,1.4288,2,TRACK,0,0
1787191474762,33600.000,-35.7,1.4280,3,LOCK,0,1
1787191474772,33600.000,71.4,1.4280,2,TRACK,0,0
1787191474782,33600.000,11.9,1.4280,3,LOCK,0,1
1787191474792,33600.000,11.9,1.4280,3,LOCK,0,1
1787191474802,33600.000,23.8,1.4280,3,LOCK,0,1
1787191474812,33613.445,35.7,1.4280,3,LOCK,0,1
1787191474822,33613.445,-23.8,1.4280,3,LOCK,0,1
1787191474832,33600.000,-47.6,1.4280,3,LOCK,0,1
1787191474842,33613.445,-11.9,1.4280,3,LOCK,0,1
1787191474852,33600.000,-47.6,1.4280,3,LOCK,0,1
1787191474862,33600.000,-47.6,1.4280,3,LOCK,0,1
1787191474872,33600.000,-59.5,1.4280,3,LOCK,0,1
1787191474882,33600.000,-47.6,1.4280,3,LOCK,0,1
1787191474892,33600.000,-47.6,1.4280,3,LOCK,0,1
1787191474902,33613.445,11.9,1.4288,3,LOCK,0,1
1787191474912,33600.000,-11.9,1.4280,3,LOCK,0,1
1787191474922,33600.000,-23.8,1.4288,3,LOCK,0,1
1787191474932,33613.445,23.8,1.4288,3,LOCK,0,1
1787191474942,33600.000,23.8,1.4288,3,LOCK,0,1
1787191474952,33600.000,-23.8,1.4288,3,LOCK,0,1
1787191474962,33600.000,-35.7,1.4288,3,LOCK,0,1
1787191474972,33600.000,-11.9,1.4288,3,LOCK,0,1
1787191474982,33586.566,-35.7,1.4288,3,LOCK,0,1
1787191474992,33600.000,-23.8,1.4288,3,LOCK,0,1
1787191475002,33600.000,-59.5,1.4288,3,LOCK,0,1
1787191475012,33721.398,11476.2,1.4288,2,TRACK,0,0
1787191475022,34739.453,8892.9,1.6504,1,WAIT ZCD,1,0
1787191475032,34739.453,8892.9,1.6504,1,WAIT ZCD,1,0
1787191475042,34739.453,8892.9,1.6504,1,WAIT ZCD,1,0
1787191475052,34725.094,8892.9,1.6504,1,WAIT ZCD,1,0
1787191475062,34739.453,8892.9,1.6504,1,WAIT ZCD,1,0
1787191475072,34739.453,8892.9,1.6504,1,WAIT ZCD,1,0
1787191475082,34739.453,8892.9,1.6504,1,WAIT ZCD,1,0
1787191475092,34739.453,8892.9,1.6504,1,WAIT ZCD,1,0
1787191475102,34739.453,8892.9,1.6504,1,WAIT ZCD,1,0
1787191475112,34739.453,8892.9,1.6504,1,WAIT ZCD,1,0
1787191475122,34739.453,8892.9,1.6504,1,WAIT ZCD,1,0
1787191475132,34739.453,8892.9,1.6504,1,WAIT ZCD,1,0
1787191475142,34739.453,8892.9,1.6504,1,WAIT ZCD,1,0
1787191475152,34739.453,8892.9,1.6504,1,WAIT ZCD,1,0
1787191475162,34739.453,8892.9,1.6504,1,WAIT ZCD,1,0
1787191475172,34739.453,8892.9,1.6504,1,WAIT ZCD,1,0
1787191475182,34739.453,8892.9,1.6504,1,WAIT ZCD,1,0
1787191475192,34739.453,8892.9,1.6504,1,WAIT ZCD,1,0
1787191475202,34739.453,8892.9,1.6504,1,WAIT ZCD,1,0
1787191475212,34739.453,8892.9,1.6504,1,WAIT ZCD,1,0
1787191475222,34739.453,8892.9,1.6504,1,WAIT ZCD,1,0
1787191475232,34739.453,8892.9,1.6504,1,WAIT ZCD,1,0
1787191475242,34739.453,8892.9,1.6504,1,WAIT ZCD,1,0
1787191475252,34739.453,8892.9,1.6504,1,WAIT ZCD,1,0
1787191475262,34725.094,8892.9,1.6504,1,WAIT ZCD,1,0
1787191475272,34725.094,8892.9,1.6504,1,WAIT ZCD,1,0
1787191475282,34739.453,8892.9,1.6504,1,WAIT ZCD,1,0
1787191475292,34739.453,8892.9,1.6504,1,WAIT ZCD,1,0
1787191475302,34753.828,8892.9,1.6504,1,WAIT ZCD,1,0
1787191475312,34739.453,8892.9,1.6504,1,WAIT ZCD,1,0
1787191475322,34739.453,8892.9,1.6504,1,WAIT ZCD,1,0
1787191475332,34739.453,8892.9,1.6504,1,WAIT ZCD,1,0
1787191475342,34753.828,8892.9,1.6504,1,WAIT ZCD,1,0
1787191475352,34739.453,8892.9,1.6504,1,WAIT ZCD,1,0
1787191475362,34739.453,8892.9,1.6504,1,WAIT ZCD,1,0
1787191475372,34739.453,8892.9,1.6504,1,WAIT ZCD,1,0
1787191475382,34739.453,8892.9,1.6504,1,WAIT ZCD,1,0
1787191475392,34725.094,8892.9,1.6504,1,WAIT ZCD,1,0
1787191475402,34739.453,8892.9,1.6504,1,WAIT ZCD,1,0
1787191475412,34739.453,8892.9,1.6504,1,WAIT ZCD,1,0
1787191475422,34739.453,8892.9,1.6504,1,WAIT ZCD,1,0
1787191475432,34739.453,8892.9,1.6504,1,WAIT ZCD,1,0
1787191475442,34739.453,8892.9,1.6504,1,WAIT ZCD,1,0
1787191475452,34739.453,8892.9,1.6504,1,WAIT ZCD,1,0
1787191475462,34739.453,8892.9,1.6504,1,WAIT ZCD,1,0
1787191475472,34739.453,8892.9,1.6504,1,WAIT ZCD,1,0
1787191475482,34739.453,8892.9,1.6504,1,WAIT ZCD,1,0
1787191475492,34725.094,8892.9,1.6504,1,WAIT ZCD,1,0
1787191475502,34739.453,8892.9,1.6504,1,WAIT ZCD,1,0
1787191475512,34739.453,8892.9,1.6504,1,WAIT ZCD,1,0
1787191475522,34624.898,8845.2,1.6198,2,TRACK,0,0
1787191475532,34525.277,8666.7,1.5988,2,TRACK,0,0
1787191475542,34440.344,8523.8,1.5787,2,TRACK,0,0
1787191475552,34327.750,8297.6,1.5593,2,TRACK,0,0
1787191475562,34243.781,8071.4,1.5400,2,TRACK,0,0
1787191475572,34160.227,7797.6,1.5207,2,TRACK,0,0
1787191475582,34077.078,7345.2,1.5029,2,TRACK,0,0
1787191475592,33994.336,6809.5,1.4860,2,TRACK,0,0
1787191475602,33898.305,6023.8,1.4707,2,TRACK,0,0
1787191475612,33816.426,5059.5,1.4570,2,TRACK,0,0
1787191475622,33734.941,4059.5,1.4465,2,TRACK,0,0
1787191475632,33680.836,3047.6,1.4377,2,TRACK,0,0
1787191475642,33626.902,1226.2,1.4320,2,TRACK,0,0
1787191475652,33613.445,488.1,1.4336,2,TRACK,0,0
1787191475662,33626.902,416.7,1.4328,2,TRACK,0,0
1787191475672,33613.445,285.7,1.4312,2,TRACK,0,0
1787191475682,33613.445,309.5,1.4312,2,TRACK,0,0
1787191475692,33613.445,261.9,1.4304,2,TRACK,0,0
1787191475702,33613.445,226.2,1.4296,2,TRACK,0,0
1787191475712,33613.445,154.8,1.4296,2,TRACK,0,0
1787191475722,33613.445,142.9,1.4288,2,TRACK,0,0
1787191475732,33600.000,142.9,1.4288,2,TRACK,0,0
1787191475742,33600.000,23.8,1.4280,3,LOCK,0,1
1787191475752,33600.000,83.3,1.4280,2,TRACK,0,0
1787191475762,33600.000,71.4,1.4280,2,TRACK,0,0
1787191475772,33600.000,-11.9,1.4280,3,LOCK,0,1
1787191475782,33600.000,0.0,1.4280,3,LOCK,0,1
1787191475792,33600.000,35.7,1.4280,3,LOCK,0,1
1787191475802,33613.445,23.8,1.4280,3,LOCK,0,1
1787191475812,33600.000,0.0,1.4280,3,LOCK,0,1
1787191475822,33600.000,11.9,1.4280,3,LOCK,0,1
1787191475832,33600.000,-47.6,1.4280,3,LOCK,0,1
1787191475842,33600.000,0.0,1.4280,3,LOCK,0,1
1787191475852,33600.000,-23.8,1.4280,3,LOCK,0,1
1787191475862,33600.000,11.9,1.4280,3,LOCK,0,1
1787191475872,33600.000,-23.8,1.4280,3,LOCK,0,1
1787191475882,33600.000,-59.5,1.4280,3,LOCK,0,1
1787191475892,33613.445,23.8,1.4280,3,LOCK,0,1
1787191475902,33600.000,-59.5,1.4280,3,LOCK,0,1
1787191475912,33600.000,-23.8,1.4280,3,LOCK,0,1
1787191475922,33600.000,-11.9,1.4280,3,LOCK,0,1
1787191475932,33600.000,-47.6,1.4280,3,LOCK,0,1
1787191475942,33586.566,-11.9,1.4288,3,LOCK,0,1
1787191475952,33600.000,-59.5,1.4280,3,LOCK,0,1
1787191475962,33613.445,35.7,1.4288,3,LOCK,0,1
1787191475972,33600.000,-23.8,1.4288,3,LOCK,0,1
1787191475982,33600.000,-47.6,1.4288,3,LOCK,0,1
1787191475992,33600.000,-47.6,1.4288,3,LOCK,0,1
1787191476002,33600.000,-47.6,1.4288,3,LOCK,0,1
1787191476012,33600.000,-35.7,1.4288,3,LOCK,0,1
1787191476022,33707.863,8845.2,1.4288,1,WAIT ZCD,1,0
1787191476032,34739.453,8845.2,1.6504,1,WAIT ZCD,1,0
1787191476042,34739.453,8845.2,1.6504,1,WAIT ZCD,1,0
1787191476052,34739.453,8845.2,1.6504,1,WAIT ZCD,1,0
1787191476062,34753.828,8845.2,1.6504,1,WAIT ZCD,1,0
1787191476072,34739.453,8845.2,1.6504,1,WAIT ZCD,1,0
1787191476082,34753.828,8845.2,1.6504,1,WAIT ZCD,1,0
1787191476092,34753.828,8845.2,1.6504,1,WAIT ZCD,1,0
1787191476102,34739.453,8845.2,1.6504,1,WAIT ZCD,1,0
1787191476112,34739.453,8845.2,1.6504,1,WAIT ZCD,1,0
1787191476122,34739.453,8845.2,1.6504,1,WAIT ZCD,1,0
1787191476132,34739.453,8845.2,1.6504,1,WAIT ZCD,1,0
1787191476142,34739.453,8845.2,1.6504,1,WAIT ZCD,1,0
1787191476152,34739.453,8845.2,1.6504,1,WAIT ZCD,1,0
1787191476162,34739.453,8845.2,1.6504,1,WAIT ZCD,1,0
1787191476172,34739.453,8845.2,1.6504,1,WAIT ZCD,1,0
1787191476182,34739.453,8845.2,1.6504,1,WAIT ZCD,1,0
1787191476192,34725.094,8845.2,1.6504,1,WAIT ZCD,1,0
1787191476202,34739.453,8845.2,1.6504,1,WAIT ZCD,1,0
1787191476212,34753.828,8845.2,1.6504,1,WAIT ZCD,1,0
1787191476222,34725.094,8845.2,1.6504,1,WAIT ZCD,1,0
1787191476232,34725.094,8845.2,1.6504,1,WAIT ZCD,1,0
1787191476242,34725.094,8845.2,1.6504,1,WAIT ZCD,1,0
1787191476252,34739.453,8845.2,1.6504,1,WAIT ZCD,1,0
1787191476262,34739.453,8845.2,1.6504,1,WAIT ZCD,1,0
1787191476272,34739.453,8845.2,1.6504,1,WAIT ZCD,1,0
1787191476282,34739.453,8845.2,1.6504,1,WAIT ZCD,1,0
1787191476292,34739.453,8845.2,1.6504,1,WAIT ZCD,1,0
1787191476302,34739.453,8845.2,1.6504,1,WAIT ZCD,1,0
1787191476312,34739.453,8845.2,1.6504,1,WAIT ZCD,1,0
1787191476322,34739.453,8845.2,1.6504,1,WAIT ZCD,1,0
1787191476332,34739.453,8845.2,1.6504,1,WAIT ZCD,1,0
1787191476342,34753.828,8845.2,1.6504,1,WAIT ZCD,1,0
1787191476352,34739.453,8845.2,1.6504,1,WAIT ZCD,1,0
1787191476362,34739.453,8845.2,1.6504,1,WAIT ZCD,1,0
1787191476372,34739.453,8845.2,1.6504,1,WAIT ZCD,1,0
1787191476382,34739.453,8845.2,1.6504,1,WAIT ZCD,1,0
1787191476392,34725.094,8845.2,1.6504,1,WAIT ZCD,1,0
1787191476402,34739.453,8845.2,1.6504,1,WAIT ZCD,1,0
1787191476412,34739.453,8845.2,1.6504,1,WAIT ZCD,1,0
1787191476422,34725.094,8845.2,1.6504,1,WAIT ZCD,1,0
1787191476432,34739.453,8845.2,1.6504,1,WAIT ZCD,1,0
1787191476442,34739.453,8845.2,1.6504,1,WAIT ZCD,1,0
1787191476452,34739.453,8845.2,1.6504,1,WAIT ZCD,1,0
1787191476462,34739.453,8845.2,1.6504,1,WAIT ZCD,1,0
1787191476472,34739.453,8845.2,1.6504,1,WAIT ZCD,1,0
1787191476482,34739.453,8845.2,1.6504,1,WAIT ZCD,1,0
1787191476492,34739.453,8845.2,1.6504,1,WAIT ZCD,1,0
1787191476502,34739.453,8845.2,1.6504,1,WAIT ZCD,1,0
1787191476512,34739.453,8845.2,1.6504,1,WAIT ZCD,1,0
1787191476522,34768.211,9107.1,1.6504,2,TRACK,0,0
1787191476532,34624.898,8857.1,1.6198,2,TRACK,0,0
1787191476542,34525.277,8738.1,1.5988,2,TRACK,0,0
1787191476552,34440.344,8488.1,1.5787,2,TRACK,0,0
1787191476562,34341.781,8345.2,1.5585,2,TRACK,0,0
1787191476572,34257.750,8119.0,1.5392,2,TRACK,0,0
1787191476582,34160.227,7821.4,1.5199,2,TRACK,0,0
1787191476592,34077.078,7488.1,1.5021,2,TRACK,0,0
1787191476602,33994.336,6988.1,1.4852,2,TRACK,0,0
1787191476612,33884.633,6202.4,1.4691,2,TRACK,0,0
1787191476622,33816.426,5166.7,1.4554,2,TRACK,0,0
1787191476632,33707.863,3523.8,1.4441,2,TRACK,0,0
1787191476642,33640.367,1083.3,1.4377,2,TRACK,0,0
1787191476652,33640.367,916.7,1.4385,2,TRACK,0,0
1787191476662,33626.902,750.0,1.4360,2,TRACK,0,0
1787191476672,33626.902,559.5,1.4344,2,TRACK,0,0
1787191476682,33613.445,464.3,1.4328,2,TRACK,0,0
1787191476692,33613.445,440.5,1.4320,2,TRACK,0,0
1787191476702,33613.445,333.3,1.4312,2,TRACK,0,0
1787191476712,33600.000,273.8,1.4304,2,TRACK,0,0
1787191476722,33600.000,190.5,1.4296,2,TRACK,0,0
1787191476732,33600.000,202.4,1.4296,2,TRACK,0,0
1787191476742,33600.000,154.8,1.4296,2,TRACK,0,0
1787191476752,33600.000,83.3,1.4288,2,TRACK,0,0
1787191476762,33613.445,95.2,1.4288,2,TRACK,0,0
1787191476772,33600.000,59.5,1.4280,3,LOCK,0,1
1787191476782,33600.000,11.9,1.4280,3,LOCK,0,1
1787191476792,33600.000,35.7,1.4280,3,LOCK,0,1
1787191476802,33613.445,35.7,1.4280,3,LOCK,0,1
1787191476812,33600.000,47.6,1.4280,3,LOCK,0,1
1787191476822,33600.000,47.6,1.4280,3,LOCK,0,1
1787191476832,33600.000,0.0,1.4280,3,LOCK,0,1
1787191476842,33600.000,-11.9,1.4280,3,LOCK,0,1
1787191476852,33600.000,11.9,1.4280,3,LOCK,0,1
1787191476862,33600.000,-71.4,1.4280,2,TRACK,0,0
1787191476872,33586.566,-11.9,1.4280,3,LOCK,0,1
1787191476882,33600.000,-47.6,1.4280,3,LOCK,0,1
1787191476892,33600.000,-11.9,1.4280,3,LOCK,0,1
1787191476902,33600.000,-59.5,1.4280,3,LOCK,0,1
1787191476912,33600.000,-47.6,1.4288,3,LOCK,0,1
1787191476922,33600.000,23.8,1.4288,3,LOCK,0,1
1787191476932,33600.000,0.0,1.4288,3,LOCK,0,1
1787191476942,33600.000,-11.9,1.4288,3,LOCK,0,1
1787191476952,33600.000,-23.8,1.4288,3,LOCK,0,1
1787191476962,33600.000,0.0,1.4288,3,LOCK,0,1
1787191476972,33600.000,-11.9,1.4288,3,LOCK,0,1
1787191476982,33600.000,-23.8,1.4288,3,LOCK,0,1
1787191476992,33600.000,-47.6,1.4288,3,LOCK,0,1
1787191477002,33600.000,-47.6,1.4288,3,LOCK,0,1
1787191477012,33600.000,-71.4,1.4288,2,TRACK,0,0
1787191477022,33721.398,12654.8,1.4288,2,TRACK,0,0
1787191477032,34753.828,9107.1,1.6504,1,WAIT ZCD,1,0
1787191477042,34739.453,9107.1,1.6504,1,WAIT ZCD,1,0
1787191477052,34739.453,9107.1,1.6504,1,WAIT ZCD,1,0
1787191477062,34725.094,9107.1,1.6504,1,WAIT ZCD,1,0
1787191477072,34739.453,9107.1,1.6504,1,WAIT ZCD,1,0
1787191477082,34739.453,9107.1,1.6504,1,WAIT ZCD,1,0
1787191477092,34739.453,9107.1,1.6504,1,WAIT ZCD,1,0
1787191477102,34739.453,9107.1,1.6504,1,WAIT ZCD,1,0
1787191477112,34739.453,9107.1,1.6504,1,WAIT ZCD,1,0
1787191477122,34725.094,9107.1,1.6504,1,WAIT ZCD,1,0
1787191477132,34739.453,9107.1,1.6504,1,WAIT ZCD,1,0
1787191477142,34739.453,9107.1,1.6504,1,WAIT ZCD,1,0
1787191477152,34739.453,9107.1,1.6504,1,WAIT ZCD,1,0
1787191477162,34739.453,9107.1,1.6504,1,WAIT ZCD,1,0
1787191477172,34739.453,9107.1,1.6504,1,WAIT ZCD,1,0
1787191477182,34739.453,9107.1,1.6504,1,WAIT ZCD,1,0
1787191477192,34739.453,9107.1,1.6504,1,WAIT ZCD,1,0
1787191477202,34739.453,9107.1,1.6504,1,WAIT ZCD,1,0
1787191477212,34739.453,9107.1,1.6504,1,WAIT ZCD,1,0
1787191477222,34753.828,9107.1,1.6504,1,WAIT ZCD,1,0
1787191477232,34739.453,9107.1,1.6504,1,WAIT ZCD,1,0
1787191477242,34739.453,9107.1,1.6504,1,WAIT ZCD,1,0
1787191477252,34753.828,9107.1,1.6504,1,WAIT ZCD,1,0
1787191477262,34739.453,9107.1,1.6504,1,WAIT ZCD,1,0
1787191477272,34739.453,9107.1,1.6504,1,WAIT ZCD,1,0
1787191477282,34739.453,9107.1,1.6504,1,WAIT ZCD,1,0
1787191477292,34725.094,9107.1,1.6504,1,WAIT ZCD,1,0
1787191477302,34739.453,9107.1,1.6504,1,WAIT ZCD,1,0
1787191477312,34725.094,9107.1,1.6504,1,WAIT ZCD,1,0
1787191477322,34739.453,9107.1,1.6504,1,WAIT ZCD,1,0
1787191477332,34739.453,9107.1,1.6504,1,WAIT ZCD,1,0
1787191477342,34739.453,9107.1,1.6504,1,WAIT ZCD,1,0
1787191477352,34739.453,9107.1,1.6504,1,WAIT ZCD,1,0
1787191477362,34739.453,9107.1,1.6504,1,WAIT ZCD,1,0
1787191477372,34739.453,9107.1,1.6504,1,WAIT ZCD,1,0
1787191477382,34739.453,9107.1,1.6504,1,WAIT ZCD,1,0
1787191477392,34725.094,9107.1,1.6504,1,WAIT ZCD,1,0
1787191477402,34739.453,9107.1,1.6504,1,WAIT ZCD,1,0
1787191477412,34739.453,9107.1,1.6504,1,WAIT ZCD,1,0
1787191477422,34739.453,9107.1,1.6504,1,WAIT ZCD,1,0
1787191477432,34739.453,9107.1,1.6504,1,WAIT ZCD,1,0
1787191477442,34739.453,9107.1,1.6504,1,WAIT ZCD,1,0
1787191477452,34739.453,9107.1,1.6504,1,WAIT ZCD,1,0
1787191477462,34739.453,9107.1,1.6504,1,WAIT ZCD,1,0
1787191477472,34725.094,9107.1,1.6504,1,WAIT ZCD,1,0
1787191477482,34739.453,9107.1,1.6504,1,WAIT ZCD,1,0
1787191477492,34725.094,9107.1,1.6504,1,WAIT ZCD,1,0
1787191477502,34739.453,9107.1,1.6504,1,WAIT ZCD,1,0
1787191477512,34739.453,9107.1,1.6504,1,WAIT ZCD,1,0
1787191477522,34739.453,9107.1,1.6504,1,WAIT ZCD,1,0
1787191477532,34624.898,8845.2,1.6198,2,TRACK,0,0
1787191477542,34525.277,8714.3,1.5988,2,TRACK,0,0
1787191477552,34426.230,8547.6,1.5787,2,TRACK,0,0
1787191477562,34327.750,8345.2,1.5585,2,TRACK,0,0
1787191477572,34243.781,8107.1,1.5392,2,TRACK,0,0
1787191477582,34160.227,7797.6,1.5207,2,TRACK,0,0
1787191477592,34077.078,7535.7,1.5021,2,TRACK,0,0
1787191477602,33980.582,6916.7,1.4852,2,TRACK,0,0
1787191477612,33898.305,6297.6,1.4691,2,TRACK,0,0
1787191477622,33802.816,5083.3,1.4546,2,TRACK,0,0
1787191477632,33667.336,1833.3,1.4433,2,TRACK,0,0
1787191477642,33667.336,1476.2,1.4441,2,TRACK,0,0
1787191477652,33640.367,1131.0,1.4409,2,TRACK,0,0
1787191477662,33640.367,892.9,1.4385,2,TRACK,0,0
1787191477672,33626.902,702.4,1.4360,2,TRACK,0,0
1787191477682,33613.445,511.9,1.4344,2,TRACK,0,0
1787191477692,33613.445,547.6,1.4336,2,TRACK,0,0
1787191477702,33613.445,440.5,1.4328,2,TRACK,0,0
1787191477712,33613.445,285.7,1.4312,2,TRACK,0,0
1787191477722,33613.445,273.8,1.4312,2,TRACK,0,0
1787191477732,33613.445,226.2,1.4304,2,TRACK,0,0
1787191477742,33600.000,178.6,1.4296,2,TRACK,0,0
1787191477752,33613.445,154.8,1.4296,2,TRACK,0,0
1787191477762,33600.000,119.0,1.4296,2,TRACK,0,0
1787191477772,33600.000,95.2,1.4288,2,TRACK,0,0
1787191477782,33600.000,71.4,1.4288,2,TRACK,0,0
1787191477792,33600.000,47.6,1.4288,3,LOCK,0,1
1787191477802,33600.000,71.4,1.4288,2,TRACK,0,0
1787191477812,33600.000,11.9,1.4280,3,LOCK,0,1
1787191477822,33600.000,23.8,1.4288,3,LOCK,0,1
1787191477832,33600.000,11.9,1.4280,3,LOCK,0,1
1787191477842,33600.000,-11.9,1.4288,3,LOCK,0,1
1787191477852,33600.000,0.0,1.4288,3,LOCK,0,1
1787191477862,33600.000,11.9,1.4288,3,LOCK,0,1
1787191477872,33600.000,35.7,1.4288,3,LOCK,0,1
1787191477882,33600.000,11.9,1.4288,3,LOCK,0,1
1787191477892,33600.000,0.0,1.4288,3,LOCK,0,1
1787191477902,33586.566,-11.9,1.4288,3,LOCK,0,1
1787191477912,33600.000,-23.8,1.4288,3,LOCK,0,1
1787191477922,33586.566,-71.4,1.4280,2,TRACK,0,0
1787191477932,33600.000,0.0,1.4288,3,LOCK,0,1
1787191477942,33600.000,-11.9,1.4288,3,LOCK,0,1
1787191477952,33586.566,-35.7,1.4280,3,LOCK,0,1
1787191477962,33600.000,-47.6,1.4288,3,LOCK,0,1
1787191477972,33600.000,11.9,1.4288,3,LOCK,0,1
1787191477982,33600.000,0.0,1.4288,3,LOCK,0,1
1787191477992,33600.000,0.0,1.4288,3,LOCK,0,1
1787191478002,33600.000,-11.9,1.4288,3,LOCK,0,1
1787191478012,33586.566,-83.3,1.4288,2,TRACK,0,0
1787191478022,33586.566,-59.5,1.4288,3,LOCK,0,1
1787191478032,33707.863,8845.2,1.4288,1,WAIT ZCD,1,0
1787191478042,34739.453,8845.2,1.6504,1,WAIT ZCD,1,0
1787191478052,34739.453,8845.2,1.6504,1,WAIT ZCD,1,0
1787191478062,34725.094,8845.2,1.6504,1,WAIT ZCD,1,0
1787191478072,34739.453,8845.2,1.6504,1,WAIT ZCD,1,0
1787191478082,34739.453,8845.2,1.6504,1,WAIT ZCD,1,0
1787191478092,34739.453,8845.2,1.6504,1,WAIT ZCD,1,0
1787191478102,34739.453,8845.2,1.6504,1,WAIT ZCD,1,0
1787191478112,34739.453,8845.2,1.6504,1,WAIT ZCD,1,0
1787191478122,34739.453,8845.2,1.6504,1,WAIT ZCD,1,0
1787191478132,34739.453,8845.2,1.6504,1,WAIT ZCD,1,0
1787191478142,34739.453,8845.2,1.6504,1,WAIT ZCD,1,0
1787191478152,34739.453,8845.2,1.6504,1,WAIT ZCD,1,0
1787191478162,34739.453,8845.2,1.6504,1,WAIT ZCD,1,0
1787191478172,34725.094,8845.2,1.6504,1,WAIT ZCD,1,0
1787191478182,34725.094,8845.2,1.6504,1,WAIT ZCD,1,0
1787191478192,34739.453,8845.2,1.6504,1,WAIT ZCD,1,0
1787191478202,34739.453,8845.2,1.6504,1,WAIT ZCD,1,0
1787191478212,34739.453,8845.2,1.6504,1,WAIT ZCD,1,0
1787191478222,34739.453,8845.2,1.6504,1,WAIT ZCD,1,0
1787191478232,34739.453,8845.2,1.6504,1,WAIT ZCD,1,0
1787191478242,34739.453,8845.2,1.6504,1,WAIT ZCD,1,0
1787191478252,34739.453,8845.2,1.6504,1,WAIT ZCD,1,0
1787191478262,34739.453,8845.2,1.6504,1,WAIT ZCD,1,0
1787191478272,34739.453,8845.2,1.6504,1,WAIT ZCD,1,0
1787191478282,34739.453,8845.2,1.6504,1,WAIT ZCD,1,0
1787191478292,34725.094,8845.2,1.6504,1,WAIT ZCD,1,0
1787191478302,34739.453,8845.2,1.6504,1,WAIT ZCD,1,0
1787191478312,34739.453,8845.2,1.6504,1,WAIT ZCD,1,0
1787191478322,34739.453,8845.2,1.6504,1,WAIT ZCD,1,0
1787191478332,34739.453,8845.2,1.6504,1,WAIT ZCD,1,0
1787191478342,34739.453,8845.2,1.6504,1,WAIT ZCD,1,0
1787191478352,34739.453,8845.2,1.6504,1,WAIT ZCD,1,0
1787191478362,34739.453,8845.2,1.6504,1,WAIT ZCD,1,0
1787191478372,34739.453,8845.2,1.6504,1,WAIT ZCD,1,0
1787191478382,34739.453,8845.2,1.6504,1,WAIT ZCD,1,0
1787191478392,34739.453,8845.2,1.6504,1,WAIT ZCD,1,0
1787191478402,34739.453,8845.2,1.6504,1,WAIT ZCD,1,0
1787191478412,34739.453,8845.2,1.6504,1,WAIT ZCD,1,0
1787191478422,34739.453,8845.2,1.6504,1,WAIT ZCD,1,0
1787191478432,34739.453,8845.2,1.6504,1,WAIT ZCD,1,0
1787191478442,34739.453,8845.2,1.6504,1,WAIT ZCD,1,0
1787191478452,34739.453,8845.2,1.6504,1,WAIT ZCD,1,0
1787191478462,34739.453,8845.2,1.6504,1,WAIT ZCD,1,0
1787191478472,34739.453,8845.2,1.6504,1,WAIT ZCD,1,0
1787191478482,34739.453,8845.2,1.6504,1,WAIT ZCD,1,0
1787191478492,34753.828,8845.2,1.6504,1,WAIT ZCD,1,0
1787191478502,34739.453,8845.2,1.6504,1,WAIT ZCD,1,0
1787191478512,34739.453,8845.2,1.6504,1,WAIT ZCD,1,0
1787191478522,34739.453,8845.2,1.6504,1,WAIT ZCD,1,0
1787191478532,34768.211,9119.0,1.6504,2,TRACK,0,0
1787191478542,34610.629,8869.0,1.6198,2,TRACK,0,0
1787191478552,34525.277,8726.2,1.5988,2,TRACK,0,0
1787191478562,34426.230,8583.3,1.5787,2,TRACK,0,0
1787191478572,34341.781,8321.4,1.5585,2,TRACK,0,0
1787191478582,34257.750,8154.8,1.5392,2,TRACK,0,0
1787191478592,34174.125,7892.9,1.5207,2,TRACK,0,0
1787191478602,34077.078,7476.2,1.5021,2,TRACK,0,0
1787191478612,33994.336,7083.3,1.4844,2,TRACK,0,0
1787191478622,33898.305,6416.7,1.4683,2,TRACK,0,0
1787191478632,33748.492,3892.9,1.4538,2,TRACK,0,0
1787191478642,33694.344,1940.5,1.4505,2,TRACK,0,0
1787191478652,33680.836,1654.8,1.4473,2,TRACK,0,0
1787191478662,33653.848,1488.1,1.4433,2,TRACK,0,0
1787191478672,33640.367,1119.0,1.4401,2,TRACK,0,0
1787191478682,33640.367,881.0,1.4377,2,TRACK,0,0
1787191478692,33626.902,726.2,1.4360,2,TRACK,0,0
1787191478702,33626.902,523.8,1.4344,2,TRACK,0,0
1787191478712,33613.445,476.2,1.4336,2,TRACK,0,0
1787191478722,33600.000,357.1,1.4320,2,TRACK,0,0
1787191478732,33613.445,297.6,1.4312,2,TRACK,0,0
1787191478742,33600.000,285.7,1.4312,2,TRACK,0,0
1787191478752,33613.445,238.1,1.4304,2,TRACK,0,0
1787191478762,33613.445,190.5,1.4296,2,TRACK,0,0
1787191478772,33600.000,202.4,1.4296,2,TRACK,0,0
1787191478782,33600.000,83.3,1.4288,2,TRACK,0,0
1787191478792,33600.000,119.0,1.4288,2,TRACK,0,0
1787191478802,33600.000,95.2,1.4288,2,TRACK,0,0
1787191478812,33586.566,59.5,1.4288,3,LOCK,0,1
1787191478822,33600.000,59.5,1.4288,3,LOCK,0,1
1787191478832,33600.000,-47.6,1.4280,3,LOCK,0,1
1787191478842,33600.000,23.8,1.4288,3,LOCK,0,1
1787191478852,33613.445,71.4,1.4288,2,TRACK,0,0
1787191478862,33600.000,35.7,1.4288,3,LOCK,0,1
1787191478872,33600.000,59.5,1.4288,3,LOCK,0,1
1787191478882,33586.566,-11.9,1.4280,3,LOCK,0,1
1787191478892,33586.566,11.9,1.4288,3,LOCK,0,1
1787191478902,33600.000,-23.8,1.4280,3,LOCK,0,1
1787191478912,33600.000,23.8,1.4288,3,LOCK,0,1
1787191478922,33600.000,-23.8,1.4280,3,LOCK,0,1
1787191478932,33600.000,35.7,1.4288,3,LOCK,0,1
1787191478942,33600.000,47.6,1.4288,3,LOCK,0,1
1787191478952,33586.566,-47.6,1.4280,3,LOCK,0,1
1787191478962,33600.000,-23.8,1.4288,3,LOCK,0,1
1787191478972,33600.000,11.9,1.4288,3,LOCK,0,1
1787191478982,33600.000,11.9,1.4288,3,LOCK,0,1
1787191478992,33586.566,-11.9,1.4288,3,LOCK,0,1
1787191479002,33586.566,-11.9,1.4288,3,LOCK,0,1
1787191479012,33600.000,-35.7,1.4288,3,LOCK,0,1
1787191479022,33586.566,-11.9,1.4288,3,LOCK,0,1
1787191479032,33721.398,13321.4,1.4288,2,TRACK,0,0
1787191479042,34739.453,9119.0,1.6504,1,WAIT ZCD,1,0
1787191479052,34739.453,9119.0,1.6504,1,WAIT ZCD,1,0
1787191479062,34739.453,9119.0,1.6504,1,WAIT ZCD,1,0
1787191479072,34725.094,9119.0,1.6504,1,WAIT ZCD,1,0
1787191479082,34739.453,9119.0,1.6504,1,WAIT ZCD,1,0
1787191479092,34739.453,9119.0,1.6504,1,WAIT ZCD,1,0
1787191479102,34739.453,9119.0,1.6504,1,WAIT ZCD,1,0
1787191479112,34739.453,9119.0,1.6504,1,WAIT ZCD,1,0
1787191479122,34739.453,9119.0,1.6504,1,WAIT ZCD,1,0
1787191479132,34753.828,9119.0,1.6504,1,WAIT ZCD,1,0
1787191479142,34725.094,9119.0,1.6504,1,WAIT ZCD,1,0
1787191479152,34739.453,9119.0,1.6504,1,WAIT ZCD,1,0
1787191479162,34739.453,9119.0,1.6504,1,WAIT ZCD,1,0
1787191479172,34739.453,9119.0,1.6504,1,WAIT ZCD,1,0
1787191479182,34739.453,9119.0,1.6504,1,WAIT ZCD,1,0
1787191479192,34739.453,9119.0,1.6504,1,WAIT ZCD,1,0
1787191479202,34739.453,9119.0,1.6504,1,WAIT ZCD,1,0
1787191479212,34739.453,9119.0,1.6504,1,WAIT ZCD,1,0
1787191479222,34739.453,9119.0,1.6504,1,WAIT ZCD,1,0
1787191479232,34739.453,9119.0,1.6504,1,WAIT ZCD,1,0
1787191479242,34739.453,9119.0,1.6504,1,WAIT ZCD,1,0
1787191479252,34739.453,9119.0,1.6504,1,WAIT ZCD,1,0
1787191479262,34739.453,9119.0,1.6504,1,WAIT ZCD,1,0
1787191479272,34739.453,9119.0,1.6504,1,WAIT ZCD,1,0
1787191479282,34739.453,9119.0,1.6504,1,WAIT ZCD,1,0
1787191479292,34739.453,9119.0,1.6504,1,WAIT ZCD,1,0
1787191479302,34725.094,9119.0,1.6504,1,WAIT ZCD,1,0
1787191479312,34739.453,9119.0,1.6504,1,WAIT ZCD,1,0
1787191479322,34739.453,9119.0,1.6504,1,WAIT ZCD,1,0
1787191479332,34739.453,9119.0,1.6504,1,WAIT ZCD,1,0
1787191479342,34739.453,9119.0,1.6504,1,WAIT ZCD,1,0
1787191479352,34739.453,9119.0,1.6504,1,WAIT ZCD,1,0
1787191479362,34739.453,9119.0,1.6504,1,WAIT ZCD,1,0
1787191479372,34739.453,9119.0,1.6504,1,WAIT ZCD,1,0
1787191479382,34753.828,9119.0,1.6504,1,WAIT ZCD,1,0
1787191479392,34739.453,9119.0,1.6504,1,WAIT ZCD,1,0
1787191479402,34725.094,9119.0,1.6504,1,WAIT ZCD,1,0
1787191479412,34739.453,9119.0,1.6504,1,WAIT ZCD,1,0
1787191479422,34739.453,9119.0,1.6504,1,WAIT ZCD,1,0
1787191479432,34739.453,9119.0,1.6504,1,WAIT ZCD,1,0
1787191479442,34739.453,9119.0,1.6504,1,WAIT ZCD,1,0
1787191479452,34739.453,9119.0,1.6504,1,WAIT ZCD,1,0
1787191479462,34739.453,9119.0,1.6504,1,WAIT ZCD,1,0
1787191479472,34739.453,9119.0,1.6504,1,WAIT ZCD,1,0
1787191479482,34739.453,9119.0,1.6504,1,WAIT ZCD,1,0
1787191479492,34739.453,9119.0,1.6504,1,WAIT ZCD,1,0
1787191479502,34725.094,9119.0,1.6504,1,WAIT ZCD,1,0
1787191479512,34739.453,9119.0,1.6504,1,WAIT ZCD,1,0
1787191479522,34739.453,9119.0,1.6504,1,WAIT ZCD,1,0
1787191479532,34739.453,9119.0,1.6504,1,WAIT ZCD,1,0
1787191479542,34624.898,8845.2,1.6198,2,TRACK,0,0
1787191479552,34539.473,8714.3,1.5996,2,TRACK,0,0
1787191479562,34426.230,8559.5,1.5787,2,TRACK,0,0
1787191479572,34341.781,8321.4,1.5585,2,TRACK,0,0
1787191479582,34257.750,8166.7,1.5392,2,TRACK,0,0
1787191479592,34160.227,7869.0,1.5207,2,TRACK,0,0
1787191479602,34077.078,7523.8,1.5021,2,TRACK,0,0
1787191479612,33994.336,7131.0,1.4852,2,TRACK,0,0
1787191479622,33898.305,6392.9,1.4683,2,TRACK,0,0
1787191479632,33734.941,3523.8,1.4546,2,TRACK,0,0
1787191479642,33694.344,1964.3,1.4505,2,TRACK,0,0
1787191479652,33667.336,1678.6,1.4473,2,TRACK,0,0
1787191479662,33640.367,1476.2,1.4433,2,TRACK,0,0
1787191479672,33640.367,1071.4,1.4401,2,TRACK,0,0
1787191479682,33626.902,881.0,1.4377,2,TRACK,0,0
1787191479692,33626.902,738.1,1.4360,2,TRACK,0,0
1787191479702,33613.445,559.5,1.4344,2,TRACK,0,0
1787191479712,33613.445,440.5,1.4328,2,TRACK,0,0
1787191479722,33613.445,381.0,1.4320,2,TRACK,0,0
1787191479732,33613.445,392.9,1.4312,2,TRACK,0,0
1787191479742,33600.000,226.2,1.4304,2,TRACK,0,0
1787191479752,33613.445,273.8,1.4304,2,TRACK,0,0
1787191479762,33613.445,214.3,1.4296,2,TRACK,0,0
1787191479772,33613.445,214.3,1.4296,2,TRACK,0,0
1787191479782,33600.000,107.1,1.4288,2,TRACK,0,0
1787191479792,33600.000,131.0,1.4288,2,TRACK,0,0
1787191479802,33600.000,35.7,1.4280,3,LOCK,0,1
1787191479812,33600.000,59.5,1.4280,3,LOCK,0,1
1787191479822,33600.000,59.5,1.4280,3,LOCK,0,1
1787191479832,33600.000,11.9,1.4280,3,LOCK,0,1
1787191479842,33600.000,11.9,1.4280,3,LOCK,0,1
1787191479852,33600.000,35.7,1.4280,3,LOCK,0,1
1787191479862,33600.000,-11.9,1.4280,3,LOCK,0,1
1787191479872,33586.566,-23.8,1.4280,3,LOCK,0,1
1787191479882,33600.000,-35.7,1.4280,3,LOCK,0,1
1787191479892,33586.566,11.9,1.4280,3,LOCK,0,1
1787191479902,33586.566,-35.7,1.4280,3,LOCK,0,1
1787191479912,33600.000,-59.5,1.4280,3,LOCK,0,1
1787191479922,33600.000,-35.7,1.4280,3,LOCK,0,1
1787191479932,33586.566,-59.5,1.4280,3,LOCK,0,1
1787191479942,33586.566,-47.6,1.4280,3,LOCK,0,1
1787191479952,33586.566,-35.7,1.4288,3,LOCK,0,1
1787191479962,33600.000,11.9,1.4288,3,LOCK,0,1
1787191479972,33586.566,0.0,1.4288,3,LOCK,0,1
1787191479982,33600.000,-23.8,1.4288,3,LOCK,0,1
1787191479992,33600.000,-11.9,1.4288,3,LOCK,0,1
1787191480002,33600.000,11.9,1.4288,3,LOCK,0,1
1787191480012,33586.566,0.0,1.4288,3,LOCK,0,1
1787191480022,33600.000,-11.9,1.4288,3,LOCK,0,1
1787191480032,33600.000,-35.7,1.4288,3,LOCK,0,1
1787191480042,33721.398,8845.2,1.4288,1,WAIT ZCD,1,0
1787191480052,34725.094,8845.2,1.6504,1,WAIT ZCD,1,0
1787191480062,34739.453,8845.2,1.6504,1,WAIT ZCD,1,0
1787191480072,34753.828,8845.2,1.6504,1,WAIT ZCD,1,0
1787191480082,34739.453,8845.2,1.6504,1,WAIT ZCD,1,0
1787191480092,34739.453,8845.2,1.6504,1,WAIT ZCD,1,0
1787191480102,34739.453,8845.2,1.6504,1,WAIT ZCD,1,0
1787191480112,34739.453,8845.2,1.6504,1,WAIT ZCD,1,0
1787191480122,34739.453,8845.2,1.6504,1,WAIT ZCD,1,0
1787191480132,34739.453,8845.2,1.6504,1,WAIT ZCD,1,0
1787191480142,34753.828,8845.2,1.6504,1,WAIT ZCD,1,0
1787191480152,34739.453,8845.2,1.6504,1,WAIT ZCD,1,0
1787191480162,34739.453,8845.2,1.6504,1,WAIT ZCD,1,0
1787191480172,34739.453,8845.2,1.6504,1,WAIT ZCD,1,0
1787191480182,34739.453,8845.2,1.6504,1,WAIT ZCD,1,0
1787191480192,34739.453,8845.2,1.6504,1,WAIT ZCD,1,0
1787191480202,34739.453,8845.2,1.6504,1,WAIT ZCD,1,0
1787191480212,34739.453,8845.2,1.6504,1,WAIT ZCD,1,0
1787191480222,34739.453,8845.2,1.6504,1,WAIT ZCD,1,0
1787191480232,34725.094,8845.2,1.6504,1,WAIT ZCD,1,0
1787191480242,34725.094,8845.2,1.6504,1,WAIT ZCD,1,0
1787191480252,34739.453,8845.2,1.6504,1,WAIT ZCD,1,0
1787191480262,34739.453,8845.2,1.6504,1,WAIT ZCD,1,0
1787191480272,34739.453,8845.2,1.6504,1,WAIT ZCD,1,0
1787191480282,34739.453,8845.2,1.6504,1,WAIT ZCD,1,0
1787191480292,34739.453,8845.2,1.6504,1,WAIT ZCD,1,0
1787191480302,34739.453,8845.2,1.6504,1,WAIT ZCD,1,0
1787191480312,34739.453,8845.2,1.6504,1,WAIT ZCD,1,0
1787191480322,34739.453,8845.2,1.6504,1,WAIT ZCD,1,0
1787191480332,34739.453,8845.2,1.6504,1,WAIT ZCD,1,0
1787191480342,34739.453,8845.2,1.6504,1,WAIT ZCD,1,0
1787191480352,34725.094,8845.2,1.6504,1,WAIT ZCD,1,0
1787191480362,34739.453,8845.2,1.6504,1,WAIT ZCD,1,0
1787191480372,34739.453,8845.2,1.6504,1,WAIT ZCD,1,0
1787191480382,34739.453,8845.2,1.6504,1,WAIT ZCD,1,0
1787191480392,34739.453,8845.2,1.6504,1,WAIT ZCD,1,0
1787191480402,34739.453,8845.2,1.6504,1,WAIT ZCD,1,0
1787191480412,34725.094,8845.2,1.6504,1,WAIT ZCD,1,0
1787191480422,34739.453,8845.2,1.6504,1,WAIT ZCD,1,0
1787191480432,34739.453,8845.2,1.6504,1,WAIT ZCD,1,0
1787191480442,34725.094,8845.2,1.6504,1,WAIT ZCD,1,0
1787191480452,34739.453,8845.2,1.6504,1,WAIT ZCD,1,0
1787191480462,34739.453,8845.2,1.6504,1,WAIT ZCD,1,0
1787191480472,34739.453,8845.2,1.6504,1,WAIT ZCD,1,0
1787191480482,34739.453,8845.2,1.6504,1,WAIT ZCD,1,0
1787191480492,34739.453,8845.2,1.6504,1,WAIT ZCD,1,0
1787191480502,34753.828,8845.2,1.6504,1,WAIT ZCD,1,0
1787191480512,34739.453,8845.2,1.6504,1,WAIT ZCD,1,0
1787191480522,34739.453,8845.2,1.6504,1,WAIT ZCD,1,0
1787191480532,34739.453,8845.2,1.6504,1,WAIT ZCD,1,0
1787191480542,34768.211,9083.3,1.6504,2,TRACK,0,0
1787191480552,34624.898,8857.1,1.6198,2,TRACK,0,0
1787191480562,34525.277,8714.3,1.5988,2,TRACK,0,0
1787191480572,34426.230,8571.4,1.5787,2,TRACK,0,0
1787191480582,34341.781,8345.2,1.5585,2,TRACK,0,0
1787191480592,34243.781,8119.0,1.5392,2,TRACK,0,0
1787191480602,34160.227,7857.1,1.5207,2,TRACK,0,0
1787191480612,34077.078,7547.6,1.5021,2,TRACK,0,0
1787191480622,33994.336,7131.0,1.4852,2,TRACK,0,0
1787191480632,33898.305,6142.9,1.4683,2,TRACK,0,0
1787191480642,33748.492,3690.5,1.4554,2,TRACK,0,0
1787191480652,33680.836,2011.9,1.4497,2,TRACK,0,0
1787191480662,33667.336,1642.9,1.4465,2,TRACK,0,0
1787191480672,33640.367,1488.1,1.4433,2,TRACK,0,0
1787191480682,33640.367,1119.0,1.4401,2,TRACK,0,0
1787191480692,33626.902,833.3,1.4377,2,TRACK,0,0
1787191480702,33626.902,690.5,1.4360,2,TRACK,0,0
1787191480712,33613.445,571.4,1.4344,2,TRACK,0,0
1787191480722,33613.445,523.8,1.4336,2,TRACK,0,0
1787191480732,33613.445,392.9,1.4320,2,TRACK,0,0
1787191480742,33600.000,297.6,1.4312,2,TRACK,0,0
1787191480752,33600.000,285.7,1.4312,2,TRACK,0,0
1787191480762,33600.000,214.3,1.4304,2,TRACK,0,0
1787191480772,33600.000,166.7,1.4296,2,TRACK,0,0
1787191480782,33600.000,190.5,1.4296,2,TRACK,0,0
1787191480792,33600.000,142.9,1.4296,2,TRACK,0,0
1787191480802,33586.566,83.3,1.4288,2,TRACK,0,0
1787191480812,33586.566,47.6,1.4288,3,LOCK,0,1
1787191480822,33600.000,59.5,1.4288,3,LOCK,0,1
1787191480832,33600.000,47.6,1.4288,3,LOCK,0,1
1787191480842,33600.000,47.6,1.4288,3,LOCK,0,1
1787191480852,33600.000,23.8,1.4280,3,LOCK,0,1
1787191480862,33586.566,59.5,1.4288,3,LOCK,0,1
1787191480872,33600.000,-11.9,1.4280,3,LOCK,0,1
1787191480882,33600.000,-11.9,1.4280,3,LOCK,0,1
1787191480892,33586.566,71.4,1.4288,2,TRACK,0,0
1787191480902,33600.000,-23.8,1.4280,3,LOCK,0,1
1787191480912,33586.566,-47.6,1.4280,3,LOCK,0,1
1787191480922,33586.566,-59.5,1.4280,3,LOCK,0,1
1787191480932,33586.566,-11.9,1.4288,3,LOCK,0,1
1787191480942,33600.000,23.8,1.4288,3,LOCK,0,1
1787191480952,33586.566,0.0,1.4288,3,LOCK,0,1
1787191480962,33586.566,11.9,1.4288,3,LOCK,0,1
1787191480972,33586.566,-23.8,1.4288,3,LOCK,0,1
1787191480982,33586.566,-35.7,1.4288,3,LOCK,0,1
1787191480992,33600.000,-35.7,1.4288,3,LOCK,0,1
1787191481002,33586.566,-11.9,1.4288,3,LOCK,0,1
1787191481012,33600.000,-11.9,1.4288,3,LOCK,0,1
1787191481022,33600.000,-11.9,1.4288,3,LOCK,0,1
1787191481032,33586.566,-23.8,1.4288,3,LOCK,0,1
1787191481042,33707.863,13892.9,1.4288,2,TRACK,0,0
1787191481052,34739.453,9083.3,1.6504,1,WAIT ZCD,1,0
1787191481062,34725.094,9083.3,1.6504,1,WAIT ZCD,1,0
1787191481072,34739.453,9083.3,1.6504,1,WAIT ZCD,1,0
1787191481082,34725.094,9083.3,1.6504,1,WAIT ZCD,1,0
1787191481092,34739.453,9083.3,1.6504,1,WAIT ZCD,1,0
1787191481102,34739.453,9083.3,1.6504,1,WAIT ZCD,1,0
1787191481112,34739.453,9083.3,1.6504,1,WAIT ZCD,1,0
1787191481122,34739.453,9083.3,1.6504,1,WAIT ZCD,1,0
1787191481132,34725.094,9083.3,1.6504,1,WAIT ZCD,1,0
1787191481142,34739.453,9083.3,1.6504,1,WAIT ZCD,1,0
1787191481152,34739.453,9083.3,1.6504,1,WAIT ZCD,1,0
1787191481162,34739.453,9083.3,1.6504,1,WAIT ZCD,1,0
1787191481172,34739.453,9083.3,1.6504,1,WAIT ZCD,1,0
1787191481182,34739.453,9083.3,1.6504,1,WAIT ZCD,1,0
1787191481192,34725.094,9083.3,1.6504,1,WAIT ZCD,1,0
1787191481202,34739.453,9083.3,1.6504,1,WAIT ZCD,1,0
1787191481212,34725.094,9083.3,1.6504,1,WAIT ZCD,1,0
1787191481222,34725.094,9083.3,1.6504,1,WAIT ZCD,1,0
1787191481232,34739.453,9083.3,1.6504,1,WAIT ZCD,1,0
1787191481242,34739.453,9083.3,1.6504,1,WAIT ZCD,1,0
1787191481252,34739.453,9083.3,1.6504,1,WAIT ZCD,1,0
1787191481262,34739.453,9083.3,1.6504,1,WAIT ZCD,1,0
1787191481272,34739.453,9083.3,1.6504,1,WAIT ZCD,1,0
1787191481282,34739.453,9083.3,1.6504,1,WAIT ZCD,1,0
1787191481292,34739.453,9083.3,1.6504,1,WAIT ZCD,1,0
1787191481302,34739.453,9083.3,1.6504,1,WAIT ZCD,1,0
1787191481312,34739.453,9083.3,1.6504,1,WAIT ZCD,1,0
1787191481322,34739.453,9083.3,1.6504,1,WAIT ZCD,1,0
1787191481332,34753.828,9083.3,1.6504,1,WAIT ZCD,1,0
1787191481342,34739.453,9083.3,1.6504,1,WAIT ZCD,1,0
1787191481352,34725.094,9083.3,1.6504,1,WAIT ZCD,1,0
1787191481362,34725.094,9083.3,1.6504,1,WAIT ZCD,1,0
1787191481372,34739.453,9083.3,1.6504,1,WAIT ZCD,1,0
1787191481382,34739.453,9083.3,1.6504,1,WAIT ZCD,1,0
1787191481392,34739.453,9083.3,1.6504,1,WAIT ZCD,1,0
1787191481402,34725.094,9083.3,1.6504,1,WAIT ZCD,1,0
1787191481412,34725.094,9083.3,1.6504,1,WAIT ZCD,1,0
1787191481422,34725.094,9083.3,1.6504,1,WAIT ZCD,1,0
1787191481432,34739.453,9083.3,1.6504,1,WAIT ZCD,1,0
1787191481442,34739.453,9083.3,1.6504,1,WAIT ZCD,1,0
1787191481452,34739.453,9083.3,1.6504,1,WAIT ZCD,1,0
1787191481462,34739.453,9083.3,1.6504,1,WAIT ZCD,1,0
1787191481472,34739.453,9083.3,1.6504,1,WAIT ZCD,1,0
1787191481482,34739.453,9083.3,1.6504,1,WAIT ZCD,1,0
1787191481492,34739.453,9083.3,1.6504,1,WAIT ZCD,1,0
1787191481502,34739.453,9083.3,1.6504,1,WAIT ZCD,1,0
1787191481512,34725.094,9083.3,1.6504,1,WAIT ZCD,1,0
1787191481522,34739.453,9083.3,1.6504,1,WAIT ZCD,1,0
1787191481532,34739.453,9083.3,1.6504,1,WAIT ZCD,1,0
1787191481542,34725.094,9083.3,1.6504,1,WAIT ZCD,1,0
1787191481552,34610.629,8845.2,1.6190,2,TRACK,0,0
1787191481562,34511.094,8726.2,1.5988,2,TRACK,0,0
1787191481572,34426.230,8523.8,1.5787,2,TRACK,0,0
1787191481582,34341.781,8333.3,1.5585,2,TRACK,0,0
1787191481592,34243.781,8083.3,1.5392,2,TRACK,0,0
1787191481602,34160.227,7833.3,1.5207,2,TRACK,0,0
1787191481612,34077.078,7559.5,1.5021,2,TRACK,0,0
1787191481622,33994.336,7107.1,1.4852,2,TRACK,0,0
1787191481632,33884.633,6309.5,1.4683,2,TRACK,0,0
1787191481642,33762.059,3845.2,1.4554,2,TRACK,0,0
1787191481652,33680.836,1821.4,1.4489,2,TRACK,0,0
1787191481662,33667.336,1666.7,1.4465,2,TRACK,0,0
1787191481672,33640.367,1500.0,1.4433,2,TRACK,0,0
1787191481682,33626.902,988.1,1.4393,2,TRACK,0,0
1787191481692,33613.445,845.2,1.4377,2,TRACK,0,0
1787191481702,33613.445,714.3,1.4360,2,TRACK,0,0
1787191481712,33600.000,559.5,1.4344,2,TRACK,0,0
1787191481722,33613.445,500.0,1.4336,2,TRACK,0,0
1787191481732,33613.445,428.6,1.4320,2,TRACK,0,0
1787191481742,33600.000,285.7,1.4312,2,TRACK,0,0
1787191481752,33600.000,261.9,1.4304,2,TRACK,0,0
1787191481762,33600.000,226.2,1.4304,2,TRACK,0,0
1787191481772,33600.000,202.4,1.4296,2,TRACK,0,0
1787191481782,33600.000,202.4,1.4296,2,TRACK,0,0
1787191481792,33586.566,107.1,1.4288,2,TRACK,0,0
1787191481802,33586.566,119.0,1.4288,2,TRACK,0,0
1787191481812,33600.000,119.0,1.4288,2,TRACK,0,0
1787191481822,33600.000,35.7,1.4280,3,LOCK,0,1
1787191481832,33600.000,11.9,1.4280,3,LOCK,0,1
1787191481842,33586.566,35.7,1.4280,3,LOCK,0,1
1787191481852,33586.566,47.6,1.4280,3,LOCK,0,1
1787191481862,33600.000,59.5,1.4280,3,LOCK,0,1
1787191481872,33586.566,47.6,1.4280,3,LOCK,0,1
1787191481882,33586.566,47.6,1.4280,3,LOCK,0,1
1787191481892,33586.566,0.0,1.4280,3,LOCK,0,1
1787191481902,33586.566,35.7,1.4280,3,LOCK,0,1
1787191481912,33586.566,35.7,1.4280,3,LOCK,0,1
1787191481922,33586.566,-47.6,1.4280,3,LOCK,0,1
1787191481932,33586.566,-11.9,1.4280,3,LOCK,0,1
1787191481942,33586.566,-23.8,1.4280,3,LOCK,0,1
1787191481952,33586.566,-11.9,1.4280,3,LOCK,0,1
1787191481962,33586.566,-47.6,1.4280,3,LOCK,0,1
1787191481972,33586.566,-47.6,1.4280,3,LOCK,0,1
1787191481982,33586.566,-71.4,1.4280,2,TRACK,0,0
1787191481992,33586.566,0.0,1.4280,3,LOCK,0,1
1787191482002,33586.566,-47.6,1.4280,3,LOCK,0,1
1787191482012,33586.566,-59.5,1.4280,3,LOCK,0,1
1787191482022,33586.566,-35.7,1.4288,3,LOCK,0,1
1787191482032,33586.566,-59.5,1.4288,3,LOCK,0,1
1787191482042,33586.566,-35.7,1.4288,3,LOCK,0,1
1787191482052,33721.398,8845.2,1.4288,1,WAIT ZCD,1,0
1787191482062,34739.453,8845.2,1.6504,1,WAIT ZCD,1,0
1787191482072,34739.453,8845.2,1.6504,1,WAIT ZCD,1,0
1787191482082,34739.453,8845.2,1.6504,1,WAIT ZCD,1,0
1787191482092,34739.453,8845.2,1.6504,1,WAIT ZCD,1,0
1787191482102,34739.453,8845.2,1.6504,1,WAIT ZCD,1,0
1787191482112,34739.453,8845.2,1.6504,1,WAIT ZCD,1,0
1787191482122,34739.453,8845.2,1.6504,1,WAIT ZCD,1,0
1787191482132,34739.453,8845.2,1.6504,1,WAIT ZCD,1,0
1787191482142,34739.453,8845.2,1.6504,1,WAIT ZCD,1,0
1787191482152,34739.453,8845.2,1.6504,1,WAIT ZCD,1,0
1787191482162,34739.453,8845.2,1.6504,1,WAIT ZCD,1,0
1787191482172,34739.453,8845.2,1.6504,1,WAIT ZCD,1,0
1787191482182,34739.453,8845.2,1.6504,1,WAIT ZCD,1,0
1787191482192,34739.453,8845.2,1.6504,1,WAIT ZCD,1,0
1787191482202,34739.453,8845.2,1.6504,1,WAIT ZCD,1,0
1787191482212,34725.094,8845.2,1.6504,1,WAIT ZCD,1,0
1787191482222,34739.453,8845.2,1.6504,1,WAIT ZCD,1,0
1787191482232,34739.453,8845.2,1.6504,1,WAIT ZCD,1,0
1787191482242,34739.453,8845.2,1.6504,1,WAIT ZCD,1,0
1787191482252,34739.453,8845.2,1.6504,1,WAIT ZCD,1,0
1787191482262,34739.453,8845.2,1.6504,1,WAIT ZCD,1,0
1787191482272,34753.828,8845.2,1.6504,1,WAIT ZCD,1,0
1787191482282,34753.828,8845.2,1.6504,1,WAIT ZCD,1,0
1787191482292,34739.453,8845.2,1.6504,1,WAIT ZCD,1,0
1787191482302,34739.453,8845.2,1.6504,1,WAIT ZCD,1,0
1787191482312,34739.453,8845.2,1.6504,1,WAIT ZCD,1,0
1787191482322,34739.453,8845.2,1.6504,1,WAIT ZCD,1,0
1787191482332,34739.453,8845.2,1.6504,1,WAIT ZCD,1,0
1787191482342,34739.453,8845.2,1.6504,1,WAIT ZCD,1,0
1787191482352,34739.453,8845.2,1.6504,1,WAIT ZCD,1,0
1787191482362,34739.453,8845.2,1.6504,1,WAIT ZCD,1,0
1787191482372,34739.453,8845.2,1.6504,1,WAIT ZCD,1,0
1787191482382,34739.453,8845.2,1.6504,1,WAIT ZCD,1,0
1787191482392,34739.453,8845.2,1.6504,1,WAIT ZCD,1,0
1787191482402,34739.453,8845.2,1.6504,1,WAIT ZCD,1,0
1787191482412,34739.453,8845.2,1.6504,1,WAIT ZCD,1,0
1787191482422,34739.453,8845.2,1.6504,1,WAIT ZCD,1,0
1787191482432,34739.453,8845.2,1.6504,1,WAIT ZCD,1,0
1787191482442,34739.453,8845.2,1.6504,1,WAIT ZCD,1,0
1787191482452,34739.453,8845.2,1.6504,1,WAIT ZCD,1,0
1787191482462,34739.453,8845.2,1.6504,1,WAIT ZCD,1,0
1787191482472,34739.453,8845.2,1.6504,1,WAIT ZCD,1,0
1787191482482,34739.453,8845.2,1.6504,1,WAIT ZCD,1,0
1787191482492,34739.453,8845.2,1.6504,1,WAIT ZCD,1,0
1787191482502,34739.453,8845.2,1.6504,1,WAIT ZCD,1,0
1787191482512,34725.094,8845.2,1.6504,1,WAIT ZCD,1,0
1787191482522,34739.453,8845.2,1.6504,1,WAIT ZCD,1,0
1787191482532,34753.828,8845.2,1.6504,1,WAIT ZCD,1,0
1787191482542,34725.094,8845.2,1.6504,1,WAIT ZCD,1,0
1787191482552,34768.211,9083.3,1.6504,2,TRACK,0,0
1787191482562,34624.898,8869.0,1.6198,2,TRACK,0,0
1787191482572,34525.277,8714.3,1.5988,2,TRACK,0,0
1787191482582,34440.344,8535.7,1.5787,2,TRACK,0,0
1787191482592,34341.781,8357.1,1.5585,2,TRACK,0,0
1787191482602,34257.750,8107.1,1.5392,2,TRACK,0,0
1787191482612,34160.227,7869.0,1.5207,2,TRACK,0,0
1787191482622,34077.078,7523.8,1.5021,2,TRACK,0,0
1787191482632,33980.582,7131.0,1.4852,2,TRACK,0,0
1787191482642,33898.305,6285.7,1.4691,2,TRACK,0,0
1787191482652,33748.492,3845.2,1.4546,2,TRACK,0,0
1787191482662,33667.336,1857.1,1.4481,2,TRACK,0,0
1787191482672,33653.848,1678.6,1.4465,2,TRACK,0,0
1787191482682,33640.367,1500.0,1.4425,2,TRACK,0,0
1787191482692,33626.902,1154.8,1.4393,2,TRACK,0,0
1787191482702,33613.445,857.1,1.4368,2,TRACK,0,0
1787191482712,33613.445,702.4,1.4352,2,TRACK,0,0
1787191482722,33613.445,583.3,1.4336,2,TRACK,0,0
1787191482732,33613.445,428.6,1.4320,2,TRACK,0,0
1787191482742,33613.445,369.0,1.4312,2,TRACK,0,0
1787191482752,33613.445,309.5,1.4304,2,TRACK,0,0
1787191482762,33600.000,273.8,1.4304,2,TRACK,0,0
1787191482772,33600.000,238.1,1.4296,2,TRACK,0,0
1787191482782,33600.000,166.7,1.4288,2,TRACK,0,0
1787191482792,33586.566,154.8,1.4288,2,TRACK,0,0
1787191482802,33586.566,95.2,1.4280,2,TRACK,0,0
1787191482812,33586.566,83.3,1.4280,2,TRACK,0,0
1787191482822,33600.000,107.1,1.4280,2,TRACK,0,0
1787191482832,33600.000,83.3,1.4280,2,TRACK,0,0
1787191482842,33600.000,23.8,1.4272,3,LOCK,0,1
1787191482852,33600.000,119.0,1.4280,2,TRACK,0,0
1787191482862,33586.566,-47.6,1.4272,3,LOCK,0,1
1787191482872,33586.566,11.9,1.4272,3,LOCK,0,1
1787191482882,33586.566,-23.8,1.4272,3,LOCK,0,1
1787191482892,33586.566,-59.5,1.4272,3,LOCK,0,1
1787191482902,33586.566,-35.7,1.4272,3,LOCK,0,1
1787191482912,33586.566,23.8,1.4280,3,LOCK,0,1
1787191482922,33586.566,0.0,1.4280,3,LOCK,0,1
1787191482932,33586.566,-47.6,1.4272,3,LOCK,0,1
1787191482942,33586.566,35.7,1.4280,3,LOCK,0,1
1787191482952,33586.566,-11.9,1.4272,3,LOCK,0,1
1787191482962,33586.566,-11.9,1.4272,3,LOCK,0,1
1787191482972,33586.566,-23.8,1.4280,3,LOCK,0,1
1787191482982,33573.141,-71.4,1.4272,2,TRACK,0,0
1787191482992,33586.566,-23.8,1.4280,3,LOCK,0,1
1787191483002,33586.566,-11.9,1.4280,3,LOCK,0,1
1787191483012,33586.566,-47.6,1.4272,3,LOCK,0,1
1787191483022,33586.566,0.0,1.4280,3,LOCK,0,1
1787191483032,33586.566,-47.6,1.4280,3,LOCK,0,1
1787191483042,33586.566,-23.8,1.4280,3,LOCK,0,1
1787191483052,33775.633,-464.3,1.4280,2,TRACK,0,0
1787191483062,34739.453,9083.3,1.6504,1,WAIT ZCD,1,0
1787191483072,34739.453,9083.3,1.6504,1,WAIT ZCD,1,0
1787191483082,34739.453,9083.3,1.6504,1,WAIT ZCD,1,0
1787191483092,34739.453,9083.3,1.6504,1,WAIT ZCD,1,0
1787191483102,34725.094,9083.3,1.6504,1,WAIT ZCD,1,0
1787191483112,34739.453,9083.3,1.6504,1,WAIT ZCD,1,0
1787191483122,34739.453,9083.3,1.6504,1,WAIT ZCD,1,0
1787191483132,34739.453,9083.3,1.6504,1,WAIT ZCD,1,0
1787191483142,34739.453,9083.3,1.6504,1,WAIT ZCD,1,0
1787191483152,34739.453,9083.3,1.6504,1,WAIT ZCD,1,0
1787191483162,34739.453,9083.3,1.6504,1,WAIT ZCD,1,0
1787191483172,34739.453,9083.3,1.6504,1,WAIT ZCD,1,0
1787191483182,34739.453,9083.3,1.6504,1,WAIT ZCD,1,0
1787191483192,34739.453,9083.3,1.6504,1,WAIT ZCD,1,0
1787191483202,34739.453,9083.3,1.6504,1,WAIT ZCD,1,0
1787191483212,34739.453,9083.3,1.6504,1,WAIT ZCD,1,0
1787191483222,34725.094,9083.3,1.6504,1,WAIT ZCD,1,0
1787191483232,34739.453,9083.3,1.6504,1,WAIT ZCD,1,0
1787191483242,34739.453,9083.3,1.6504,1,WAIT ZCD,1,0
1787191483252,34739.453,9083.3,1.6504,1,WAIT ZCD,1,0
1787191483262,34739.453,9083.3,1.6504,1,WAIT ZCD,1,0
1787191483272,34739.453,9083.3,1.6504,1,WAIT ZCD,1,0
1787191483282,34739.453,9083.3,1.6504,1,WAIT ZCD,1,0
1787191483292,34739.453,9083.3,1.6504,1,WAIT ZCD,1,0
1787191483302,34725.094,9083.3,1.6504,1,WAIT ZCD,1,0
1787191483312,34739.453,9083.3,1.6504,1,WAIT ZCD,1,0
1787191483322,34725.094,9083.3,1.6504,1,WAIT ZCD,1,0
1787191483332,34725.094,9083.3,1.6504,1,WAIT ZCD,1,0
1787191483342,34739.453,9083.3,1.6504,1,WAIT ZCD,1,0
1787191483352,34739.453,9083.3,1.6504,1,WAIT ZCD,1,0
1787191483362,34739.453,9083.3,1.6504,1,WAIT ZCD,1,0
1787191483372,34739.453,9083.3,1.6504,1,WAIT ZCD,1,0
1787191483382,34739.453,9083.3,1.6504,1,WAIT ZCD,1,0
1787191483392,34739.453,9083.3,1.6504,1,WAIT ZCD,1,0
1787191483402,34739.453,9083.3,1.6504,1,WAIT ZCD,1,0
1787191483412,34725.094,9083.3,1.6504,1,WAIT ZCD,1,0
1787191483422,34739.453,9083.3,1.6504,1,WAIT ZCD,1,0
1787191483432,34739.453,9083.3,1.6504,1,WAIT ZCD,1,0
1787191483442,34739.453,9083.3,1.6504,1,WAIT ZCD,1,0
1787191483452,34739.453,9083.3,1.6504,1,WAIT ZCD,1,0
1787191483462,34725.094,9083.3,1.6504,1,WAIT ZCD,1,0
1787191483472,34739.453,9083.3,1.6504,1,WAIT ZCD,1,0
1787191483482,34725.094,9083.3,1.6504,1,WAIT ZCD,1,0
1787191483492,34739.453,9083.3,1.6504,1,WAIT ZCD,1,0
1787191483502,34739.453,9083.3,1.6504,1,WAIT ZCD,1,0
1787191483512,34739.453,9083.3,1.6504,1,WAIT ZCD,1,0
1787191483522,34739.453,9083.3,1.6504,1,WAIT ZCD,1,0
1787191483532,34739.453,9083.3,1.6504,1,WAIT ZCD,1,0
1787191483542,34739.453,9083.3,1.6504,1,WAIT ZCD,1,0
1787191483552,34739.453,9083.3,1.6504,1,WAIT ZCD,1,0
1787191483562,34624.898,8892.9,1.6190,2,TRACK,0,0
1787191483572,34525.277,8690.5,1.5988,2,TRACK,0,0
1787191483582,34440.344,8500.0,1.5787,2,TRACK,0,0
1787191483592,34327.750,8345.2,1.5585,2,TRACK,0,0
1787191483602,34243.781,8131.0,1.5392,2,TRACK,0,0
1787191483612,34146.340,7857.1,1.5199,2,TRACK,0,0
1787191483622,34077.078,7476.2,1.5021,2,TRACK,0,0
1787191483632,33980.582,7095.2,1.4844,2,TRACK,0,0
1787191483642,33884.633,6297.6,1.4683,2,TRACK,0,0
1787191483652,33748.492,3821.4,1.4546,2,TRACK,0,0
1787191483662,33667.336,1845.2,1.4489,2,TRACK,0,0
1787191483672,33653.848,1666.7,1.4465,2,TRACK,0,0
1787191483682,33640.367,1488.1,1.4425,2,TRACK,0,0
1787191483692,33626.902,1083.3,1.4393,2,TRACK,0,0
1787191483702,33613.445,845.2,1.4377,2,TRACK,0,0
1787191483712,33613.445,702.4,1.4352,2,TRACK,0,0
1787191483722,33600.000,583.3,1.4344,2,TRACK,0,0
1787191483732,33600.000,452.4,1.4328,2,TRACK,0,0
1787191483742,33600.000,369.0,1.4320,2,TRACK,0,0
1787191483752,33600.000,357.1,1.4312,2,TRACK,0,0
1787191483762,33586.566,261.9,1.4304,2,TRACK,0,0
1787191483772,33600.000,261.9,1.4304,2,TRACK,0,0
1787191483782,33600.000,190.5,1.4296,2,TRACK,0,0
1787191483792,33586.566,71.4,1.4288,2,TRACK,0,0
1787191483802,33586.566,107.1,1.4288,2,TRACK,0,0
1787191483812,33600.000,142.9,1.4288,2,TRACK,0,0
1787191483822,33586.566,142.9,1.4288,2,TRACK,0,0
1787191483832,33586.566,11.9,1.4280,3,LOCK,0,1
1787191483842,33586.566,59.5,1.4280,3,LOCK,0,1
1787191483852,33573.141,47.6,1.4280,3,LOCK,0,1
1787191483862,33586.566,23.8,1.4280,3,LOCK,0,1
1787191483872,33586.566,35.7,1.4280,3,LOCK,0,1
1787191483882,33586.566,47.6,1.4280,3,LOCK,0,1
1787191483892,33586.566,23.8,1.4280,3,LOCK,0,1
1787191483902,33600.000,-11.9,1.4280,3,LOCK,0,1
1787191483912,33586.566,-47.6,1.4272,3,LOCK,0,1
1787191483922,33586.566,-11.9,1.4280,3,LOCK,0,1
1787191483932,33573.141,-59.5,1.4272,3,LOCK,0,1
1787191483942,33586.566,-11.9,1.4280,3,LOCK,0,1
1787191483953,33586.566,11.9,1.4280,3,LOCK,0,1
1787191483962,33586.566,-59.5,1.4280,3,LOCK,0,1
1787191483972,33586.566,-35.7,1.4280,3,LOCK,0,1
1787191483982,33586.566,0.0,1.4280,3,LOCK,0,1
1787191483992,33586.566,-35.7,1.4280,3,LOCK,0,1
1787191484002,33586.566,-35.7,1.4280,3,LOCK,0,1
1787191484012,33586.566,0.0,1.4280,3,LOCK,0,1
1787191484022,33586.566,-71.4,1.4280,2,TRACK,0,0
1787191484032,33586.566,-59.5,1.4280,3,LOCK,0,1
1787191484042,33586.566,-35.7,1.4280,3,LOCK,0,1
1787191484052,33586.566,-59.5,1.4280,3,LOCK,0,1
1787191484062,33721.398,8892.9,1.4280,1,WAIT ZCD,1,0
1787191484072,34739.453,8892.9,1.6504,1,WAIT ZCD,1,0
1787191484082,34739.453,8892.9,1.6504,1,WAIT ZCD,1,0
1787191484092,34725.094,8892.9,1.6504,1,WAIT ZCD,1,0
1787191484102,34739.453,8892.9,1.6504,1,WAIT ZCD,1,0
1787191484112,34725.094,8892.9,1.6504,1,WAIT ZCD,1,0
1787191484122,34739.453,8892.9,1.6504,1,WAIT ZCD,1,0
1787191484132,34739.453,8892.9,1.6504,1,WAIT ZCD,1,0
1787191484142,34739.453,8892.9,1.6504,1,WAIT ZCD,1,0
1787191484152,34739.453,8892.9,1.6504,1,WAIT ZCD,1,0
1787191484162,34739.453,8892.9,1.6504,1,WAIT ZCD,1,0
1787191484172,34739.453,8892.9,1.6504,1,WAIT ZCD,1,0
1787191484182,34725.094,8892.9,1.6504,1,WAIT ZCD,1,0
1787191484192,34725.094,8892.9,1.6504,1,WAIT ZCD,1,0
1787191484202,34739.453,8892.9,1.6504,1,WAIT ZCD,1,0
1787191484212,34739.453,8892.9,1.6504,1,WAIT ZCD,1,0
1787191484222,34753.828,8892.9,1.6504,1,WAIT ZCD,1,0
1787191484232,34739.453,8892.9,1.6504,1,WAIT ZCD,1,0
1787191484242,34739.453,8892.9,1.6504,1,WAIT ZCD,1,0
1787191484252,34739.453,8892.9,1.6504,1,WAIT ZCD,1,0
1787191484262,34739.453,8892.9,1.6504,1,WAIT ZCD,1,0
1787191484272,34739.453,8892.9,1.6504,1,WAIT ZCD,1,0
1787191484282,34739.453,8892.9,1.6504,1,WAIT ZCD,1,0
1787191484292,34739.453,8892.9,1.6504,1,WAIT ZCD,1,0
1787191484302,34725.094,8892.9,1.6504,1,WAIT ZCD,1,0
1787191484312,34739.453,8892.9,1.6504,1,WAIT ZCD,1,0
1787191484322,34739.453,8892.9,1.6504,1,WAIT ZCD,1,0
1787191484332,34739.453,8892.9,1.6504,1,WAIT ZCD,1,0
1787191484342,34739.453,8892.9,1.6504,1,WAIT ZCD,1,0
1787191484352,34739.453,8892.9,1.6504,1,WAIT ZCD,1,0
1787191484362,34725.094,8892.9,1.6504,1,WAIT ZCD,1,0
1787191484372,34739.453,8892.9,1.6504,1,WAIT ZCD,1,0
1787191484382,34753.828,8892.9,1.6504,1,WAIT ZCD,1,0
1787191484392,34739.453,8892.9,1.6504,1,WAIT ZCD,1,0
1787191484402,34739.453,8892.9,1.6504,1,WAIT ZCD,1,0
1787191484412,34739.453,8892.9,1.6504,1,WAIT ZCD,1,0
1787191484422,34739.453,8892.9,1.6504,1,WAIT ZCD,1,0
1787191484432,34739.453,8892.9,1.6504,1,WAIT ZCD,1,0
1787191484442,34739.453,8892.9,1.6504,1,WAIT ZCD,1,0
1787191484452,34739.453,8892.9,1.6504,1,WAIT ZCD,1,0
1787191484462,34739.453,8892.9,1.6504,1,WAIT ZCD,1,0
1787191484472,34739.453,8892.9,1.6504,1,WAIT ZCD,1,0
1787191484482,34739.453,8892.9,1.6504,1,WAIT ZCD,1,0
1787191484492,34725.094,8892.9,1.6504,1,WAIT ZCD,1,0
1787191484502,34739.453,8892.9,1.6504,1,WAIT ZCD,1,0
1787191484512,34739.453,8892.9,1.6504,1,WAIT ZCD,1,0
1787191484522,34739.453,8892.9,1.6504,1,WAIT ZCD,1,0
1787191484532,34753.828,8892.9,1.6504,1,WAIT ZCD,1,0
1787191484542,34739.453,8892.9,1.6504,1,WAIT ZCD,1,0
1787191484552,34739.453,8892.9,1.6504,1,WAIT ZCD,1,0
1787191484562,34753.828,9023.8,1.6504,2,TRACK,0,0
1787191484572,34624.898,8833.3,1.6198,2,TRACK,0,0
1787191484582,34525.277,8690.5,1.5988,2,TRACK,0,0
1787191484592,34426.230,8511.9,1.5787,2,TRACK,0,0
1787191484602,34341.781,8309.5,1.5593,2,TRACK,0,0
1787191484612,34243.781,8059.5,1.5400,2,TRACK,0,0
1787191484622,34160.227,7869.0,1.5207,2,TRACK,0,0
1787191484632,34077.078,7523.8,1.5029,2,TRACK,0,0
1787191484642,33994.336,7142.9,1.4852,2,TRACK,0,0
1787191484652,33898.305,6309.5,1.4691,2,TRACK,0,0
1787191484662,33762.059,3976.2,1.4546,2,TRACK,0,0
1787191484672,33667.336,1821.4,1.4481,2,TRACK,0,0
1787191484682,33653.848,1726.2,1.4465,2,TRACK,0,0
1787191484692,33640.367,1500.0,1.4425,2,TRACK,0,0
1787191484702,33613.445,1142.9,1.4393,2,TRACK,0,0
1787191484712,33613.445,821.4,1.4360,2,TRACK,0,0
1787191484722,33613.445,678.6,1.4344,2,TRACK,0,0
1787191484732,33613.445,571.4,1.4336,2,TRACK,0,0
1787191484742,33586.566,392.9,1.4320,2,TRACK,0,0
1787191484752,33600.000,369.0,1.4312,2,TRACK,0,0
1787191484762,33600.000,250.0,1.4304,2,TRACK,0,0
1787191484772,33600.000,250.0,1.4296,2,TRACK,0,0
1787191484782,33586.566,238.1,1.4296,2,TRACK,0,0
1787191484792,33600.000,166.7,1.4288,2,TRACK,0,0
1787191484802,33600.000,238.1,1.4288,2,TRACK,0,0
1787191484812,33586.566,95.2,1.4280,2,TRACK,0,0
1787191484822,33586.566,119.0,1.4280,2,TRACK,0,0
1787191484832,33586.566,71.4,1.4280,2,TRACK,0,0
1787191484842,33586.566,142.9,1.4280,2,TRACK,0,0
1787191484852,33586.566,59.5,1.4272,3,LOCK,0,1
1787191484862,33586.566,35.7,1.4272,3,LOCK,0,1
1787191484872,33586.566,-11.9,1.4272,3,LOCK,0,1
1787191484882,33573.141,-11.9,1.4272,3,LOCK,0,1
1787191484892,33586.566,23.8,1.4272,3,LOCK,0,1
1787191484902,33573.141,-23.8,1.4272,3,LOCK,0,1
1787191484912,33586.566,0.0,1.4272,3,LOCK,0,1
1787191484922,33586.566,23.8,1.4272,3,LOCK,0,1
1787191484932,33586.566,0.0,1.4272,3,LOCK,0,1
1787191484942,33573.141,-23.8,1.4272,3,LOCK,0,1
1787191484952,33600.000,35.7,1.4280,3,LOCK,0,1
1787191484962,33586.566,11.9,1.4272,3,LOCK,0,1
1787191484972,33573.141,-59.5,1.4272,3,LOCK,0,1
1787191484982,33586.566,-47.6,1.4272,3,LOCK,0,1
1787191484992,33586.566,-11.9,1.4280,3,LOCK,0,1
1787191485002,33586.566,-11.9,1.4272,3,LOCK,0,1
1787191485012,33586.566,0.0,1.4280,3,LOCK,0,1
1787191485022,33586.566,-11.9,1.4280,3,LOCK,0,1
1787191485032,33586.566,-23.8,1.4280,3,LOCK,0,1
1787191485042,33586.566,-47.6,1.4280,3,LOCK,0,1
1787191485052,33586.566,-47.6,1.4280,3,LOCK,0,1
1787191485062,33680.836,-1000.0,1.4280,2,TRACK,0,0
1787191485072,34739.453,9023.8,1.6504,1,WAIT ZCD,1,0
1787191485082,34739.453,9023.8,1.6504,1,WAIT ZCD,1,0
1787191485092,34739.453,9023.8,1.6504,1,WAIT ZCD,1,0
1787191485102,34739.453,9023.8,1.6504,1,WAIT ZCD,1,0
1787191485112,34739.453,9023.8,1.6504,1,WAIT ZCD,1,0
1787191485122,34739.453,9023.8,1.6504,1,WAIT ZCD,1,0
1787191485132,34739.453,9023.8,1.6504,1,WAIT ZCD,1,0
1787191485142,34739.453,9023.8,1.6504,1,WAIT ZCD,1,0
1787191485152,34739.453,9023.8,1.6504,1,WAIT ZCD,1,0
1787191485162,34739.453,9023.8,1.6504,1,WAIT ZCD,1,0
1787191485172,34739.453,9023.8,1.6504,1,WAIT ZCD,1,0
1787191485182,34739.453,9023.8,1.6504,1,WAIT ZCD,1,0
1787191485192,34725.094,9023.8,1.6504,1,WAIT ZCD,1,0
1787191485202,34739.453,9023.8,1.6504,1,WAIT ZCD,1,0
1787191485212,34739.453,9023.8,1.6504,1,WAIT ZCD,1,0
1787191485222,34739.453,9023.8,1.6504,1,WAIT ZCD,1,0
1787191485232,34739.453,9023.8,1.6504,1,WAIT ZCD,1,0
1787191485242,34739.453,9023.8,1.6504,1,WAIT ZCD,1,0
1787191485252,34739.453,9023.8,1.6504,1,WAIT ZCD,1,0
1787191485262,34739.453,9023.8,1.6504,1,WAIT ZCD,1,0
1787191485272,34739.453,9023.8,1.6504,1,WAIT ZCD,1,0
1787191485282,34739.453,9023.8,1.6504,1,WAIT ZCD,1,0
1787191485292,34739.453,9023.8,1.6504,1,WAIT ZCD,1,0
1787191485302,34739.453,9023.8,1.6504,1,WAIT ZCD,1,0
1787191485312,34739.453,9023.8,1.6504,1,WAIT ZCD,1,0
1787191485322,34739.453,9023.8,1.6504,1,WAIT ZCD,1,0
1787191485332,34725.094,9023.8,1.6504,1,WAIT ZCD,1,0
1787191485342,34739.453,9023.8,1.6504,1,WAIT ZCD,1,0
1787191485352,34739.453,9023.8,1.6504,1,WAIT ZCD,1,0
1787191485362,34725.094,9023.8,1.6504,1,WAIT ZCD,1,0
1787191485372,34739.453,9023.8,1.6504,1,WAIT ZCD,1,0
1787191485382,34739.453,9023.8,1.6504,1,WAIT ZCD,1,0
1787191485392,34753.828,9023.8,1.6504,1,WAIT ZCD,1,0
1787191485402,34739.453,9023.8,1.6504,1,WAIT ZCD,1,0
1787191485412,34725.094,9023.8,1.6504,1,WAIT ZCD,1,0
1787191485422,34739.453,9023.8,1.6504,1,WAIT ZCD,1,0
1787191485432,34739.453,9023.8,1.6504,1,WAIT ZCD,1,0
1787191485442,34739.453,9023.8,1.6504,1,WAIT ZCD,1,0
1787191485452,34739.453,9023.8,1.6504,1,WAIT ZCD,1,0
1787191485462,34739.453,9023.8,1.6504,1,WAIT ZCD,1,0
1787191485472,34725.094,9023.8,1.6504,1,WAIT ZCD,1,0
1787191485482,34739.453,9023.8,1.6504,1,WAIT ZCD,1,0
1787191485492,34739.453,9023.8,1.6504,1,WAIT ZCD,1,0
1787191485502,34739.453,9023.8,1.6504,1,WAIT ZCD,1,0
1787191485512,34739.453,9023.8,1.6504,1,WAIT ZCD,1,0
1787191485522,34739.453,9023.8,1.6504,1,WAIT ZCD,1,0
1787191485532,34739.453,9023.8,1.6504,1,WAIT ZCD,1,0
1787191485542,34739.453,9023.8,1.6504,1,WAIT ZCD,1,0
1787191485552,34739.453,9023.8,1.6504,1,WAIT ZCD,1,0
1787191485562,34739.453,9023.8,1.6504,1,WAIT ZCD,1,0
1787191485572,34610.629,8773.8,1.6190,2,TRACK,0,0
1787191485582,34525.277,8654.8,1.5988,2,TRACK,0,0
1787191485592,34426.230,8500.0,1.5787,2,TRACK,0,0
1787191485602,34341.781,8309.5,1.5585,2,TRACK,0,0
1787191485612,34243.781,8131.0,1.5392,2,TRACK,0,0
1787191485622,34160.227,7833.3,1.5207,2,TRACK,0,0
1787191485632,34063.262,7547.6,1.5021,2,TRACK,0,0
1787191485642,33980.582,7178.6,1.4852,2,TRACK,0,0
1787191485652,33898.305,6333.3,1.4691,2,TRACK,0,0
1787191485662,33748.492,3988.1,1.4538,2,TRACK,0,0
1787191485672,33667.336,1904.8,1.4481,2,TRACK,0,0
1787191485682,33653.848,1678.6,1.4449,2,TRACK,0,0
1787191485692,33640.367,1500.0,1.4417,2,TRACK,0,0
1787191485702,33613.445,1131.0,1.4385,2,TRACK,0,0
1787191485712,33613.445,833.3,1.4360,2,TRACK,0,0
1787191485722,33600.000,702.4,1.4344,2,TRACK,0,0
1787191485732,33600.000,583.3,1.4328,2,TRACK,0,0
1787191485742,33600.000,428.6,1.4320,2,TRACK,0,0
1787191485752,33586.566,333.3,1.4304,2,TRACK,0,0
1787191485762,33586.566,345.2,1.4304,2,TRACK,0,0
1787191485772,33586.566,273.8,1.4288,2,TRACK,0,0
1787191485782,33586.566,250.0,1.4288,2,TRACK,0,0
1787191485792,33586.566,166.7,1.4280,2,TRACK,0,0
1787191485802,33586.566,119.0,1.4280,2,TRACK,0,0
1787191485812,33586.566,83.3,1.4280,2,TRACK,0,0
1787191485822,33573.141,83.3,1.4272,2,TRACK,0,0
1787191485832,33586.566,107.1,1.4272,2,TRACK,0,0
1787191485842,33586.566,23.8,1.4272,3,LOCK,0,1
1787191485852,33573.141,59.5,1.4272,3,LOCK,0,1
1787191485862,33586.566,35.7,1.4272,3,LOCK,0,1
1787191485872,33573.141,-23.8,1.4264,3,LOCK,0,1
1787191485882,33586.566,11.9,1.4272,3,LOCK,0,1
1787191485892,33586.566,-59.5,1.4264,3,LOCK,0,1
1787191485902,33573.141,-35.7,1.4264,3,LOCK,0,1
1787191485912,33573.141,-11.9,1.4272,3,LOCK,0,1
1787191485922,33586.566,0.0,1.4264,3,LOCK,0,1
1787191485932,33586.566,0.0,1.4272,3,LOCK,0,1
1787191485942,33586.566,23.8,1.4272,3,LOCK,0,1
1787191485952,33586.566,23.8,1.4272,3,LOCK,0,1
1787191485962,33573.141,-23.8,1.4272,3,LOCK,0,1
1787191485972,33586.566,0.0,1.4272,3,LOCK,0,1
1787191485982,33586.566,47.6,1.4272,3,LOCK,0,1
1787191485992,33586.566,-23.8,1.4272,3,LOCK,0,1
1787191486002,33586.566,59.5,1.4272,3,LOCK,0,1
1787191486012,33586.566,-47.6,1.4272,3,LOCK,0,1
1787191486022,33586.566,11.9,1.4272,3,LOCK,0,1
1787191486032,33573.141,-23.8,1.4272,3,LOCK,0,1
1787191486042,33573.141,-35.7,1.4272,3,LOCK,0,1
1787191486052,33586.566,-23.8,1.4272,3,LOCK,0,1
1787191486062,33586.566,-47.6,1.4272,3,LOCK,0,1
1787191486072,33707.863,8773.8,1.4272,1,WAIT ZCD,1,0
1787191486082,34739.453,8773.8,1.6504,1,WAIT ZCD,1,0
1787191486092,34753.828,8773.8,1.6504,1,WAIT ZCD,1,0
1787191486102,34739.453,8773.8,1.6504,1,WAIT ZCD,1,0
1787191486112,34739.453,8773.8,1.6504,1,WAIT ZCD,1,0
1787191486122,34739.453,8773.8,1.6504,1,WAIT ZCD,1,0
1787191486132,34739.453,8773.8,1.6504,1,WAIT ZCD,1,0
1787191486142,34739.453,8773.8,1.6504,1,WAIT ZCD,1,0
1787191486152,34739.453,8773.8,1.6504,1,WAIT ZCD,1,0
1787191486162,34753.828,8773.8,1.6504,1,WAIT ZCD,1,0
1787191486172,34739.453,8773.8,1.6504,1,WAIT ZCD,1,0
1787191486182,34739.453,8773.8,1.6504,1,WAIT ZCD,1,0
1787191486192,34739.453,8773.8,1.6504,1,WAIT ZCD,1,0
1787191486202,34739.453,8773.8,1.6504,1,WAIT ZCD,1,0
1787191486212,34739.453,8773.8,1.6504,1,WAIT ZCD,1,0
1787191486222,34725.094,8773.8,1.6504,1,WAIT ZCD,1,0
1787191486232,34739.453,8773.8,1.6504,1,WAIT ZCD,1,0
1787191486242,34739.453,8773.8,1.6504,1,WAIT ZCD,1,0
1787191486252,34739.453,8773.8,1.6504,1,WAIT ZCD,1,0
1787191486262,34739.453,8773.8,1.6504,1,WAIT ZCD,1,0
1787191486272,34739.453,8773.8,1.6504,1,WAIT ZCD,1,0
1787191486282,34739.453,8773.8,1.6504,1,WAIT ZCD,1,0
1787191486292,34739.453,8773.8,1.6504,1,WAIT ZCD,1,0
1787191486302,34725.094,8773.8,1.6504,1,WAIT ZCD,1,0
1787191486312,34725.094,8773.8,1.6504,1,WAIT ZCD,1,0
1787191486322,34739.453,8773.8,1.6504,1,WAIT ZCD,1,0
1787191486332,34725.094,8773.8,1.6504,1,WAIT ZCD,1,0
1787191486342,34739.453,8773.8,1.6504,1,WAIT ZCD,1,0
1787191486352,34739.453,8773.8,1.6504,1,WAIT ZCD,1,0
1787191486362,34739.453,8773.8,1.6504,1,WAIT ZCD,1,0
1787191486372,34725.094,8773.8,1.6504,1,WAIT ZCD,1,0
1787191486382,34739.453,8773.8,1.6504,1,WAIT ZCD,1,0
1787191486392,34739.453,8773.8,1.6504,1,WAIT ZCD,1,0
1787191486402,34739.453,8773.8,1.6504,1,WAIT ZCD,1,0
1787191486412,34739.453,8773.8,1.6504,1,WAIT ZCD,1,0
1787191486422,34739.453,8773.8,1.6504,1,WAIT ZCD,1,0
1787191486432,34739.453,8773.8,1.6504,1,WAIT ZCD,1,0
1787191486442,34739.453,8773.8,1.6504,1,WAIT ZCD,1,0
1787191486452,34739.453,8773.8,1.6504,1,WAIT ZCD,1,0
1787191486462,34739.453,8773.8,1.6504,1,WAIT ZCD,1,0
1787191486472,34725.094,8773.8,1.6504,1,WAIT ZCD,1,0
1787191486482,34739.453,8773.8,1.6504,1,WAIT ZCD,1,0
1787191486492,34739.453,8773.8,1.6504,1,WAIT ZCD,1,0
1787191486502,34739.453,8773.8,1.6504,1,WAIT ZCD,1,0
1787191486512,34725.094,8773.8,1.6504,1,WAIT ZCD,1,0
1787191486522,34739.453,8773.8,1.6504,1,WAIT ZCD,1,0
1787191486532,34739.453,8773.8,1.6504,1,WAIT ZCD,1,0
1787191486542,34739.453,8773.8,1.6504,1,WAIT ZCD,1,0
1787191486552,34725.094,8773.8,1.6504,1,WAIT ZCD,1,0
1787191486562,34739.453,8773.8,1.6504,1,WAIT ZCD,1,0
1787191486572,34768.211,9047.6,1.6504,2,TRACK,0,0
1787191486582,34624.898,8845.2,1.6198,2,TRACK,0,0
1787191486592,34511.094,8642.9,1.5988,2,TRACK,0,0
1787191486602,34426.230,8535.7,1.5787,2,TRACK,0,0
1787191486612,34341.781,8333.3,1.5593,2,TRACK,0,0
1787191486622,34243.781,8095.2,1.5400,2,TRACK,0,0
1787191486632,34160.227,7857.1,1.5207,2,TRACK,0,0
1787191486642,34090.910,7511.9,1.5029,2,TRACK,0,0
1787191486652,33980.582,7107.1,1.4852,2,TRACK,0,0
1787191486662,33898.305,6392.9,1.4691,2,TRACK,0,0
1787191486672,33789.219,4619.0,1.4546,2,TRACK,0,0
1787191486682,33653.848,1726.2,1.4449,2,TRACK,0,0
1787191486692,33653.848,1666.7,1.4441,2,TRACK,0,0
1787191486702,33626.902,1488.1,1.4401,2,TRACK,0,0
1787191486712,33626.902,1083.3,1.4368,2,TRACK,0,0
1787191486722,33613.445,881.0,1.4352,2,TRACK,0,0
1787191486732,33600.000,619.0,1.4328,2,TRACK,0,0
1787191486742,33600.000,571.4,1.4320,2,TRACK,0,0
1787191486752,33586.566,369.0,1.4304,2,TRACK,0,0
1787191486762,33600.000,345.2,1.4296,2,TRACK,0,0
1787191486772,33600.000,345.2,1.4296,2,TRACK,0,0
1787191486782,33586.566,238.1,1.4288,2,TRACK,0,0
1787191486792,33586.566,214.3,1.4280,2,TRACK,0,0
1787191486802,33600.000,131.0,1.4272,2,TRACK,0,0
1787191486812,33586.566,83.3,1.4272,2,TRACK,0,0
1787191486822,33586.566,95.2,1.4272,2,TRACK,0,0
1787191486832,33586.566,107.1,1.4272,2,TRACK,0,0
1787191486842,33573.141,71.4,1.4264,2,TRACK,0,0
1787191486852,33573.141,23.8,1.4264,3,LOCK,0,1
1787191486862,33586.566,23.8,1.4264,3,LOCK,0,1
1787191486872,33586.566,11.9,1.4264,3,LOCK,0,1
1787191486882,33573.141,11.9,1.4264,3,LOCK,0,1
1787191486892,33573.141,35.7,1.4264,3,LOCK,0,1
1787191486902,33586.566,-35.7,1.4264,3,LOCK,0,1
1787191486912,33586.566,11.9,1.4264,3,LOCK,0,1
1787191486922,33586.566,23.8,1.4264,3,LOCK,0,1
1787191486932,33573.141,23.8,1.4264,3,LOCK,0,1
1787191486942,33586.566,-11.9,1.4264,3,LOCK,0,1
1787191486952,33586.566,35.7,1.4264,3,LOCK,0,1
1787191486962,33573.141,-35.7,1.4264,3,LOCK,0,1
1787191486972,33586.566,0.0,1.4264,3,LOCK,0,1
1787191486982,33573.141,35.7,1.4264,3,LOCK,0,1
1787191486992,33586.566,-11.9,1.4264,3,LOCK,0,1
1787191487002,33586.566,-35.7,1.4264,3,LOCK,0,1
1787191487012,33573.141,-59.5,1.4264,3,LOCK,0,1
1787191487022,33573.141,11.9,1.4264,3,LOCK,0,1
1787191487032,33586.566,-47.6,1.4264,3,LOCK,0,1
1787191487042,33586.566,-11.9,1.4272,3,LOCK,0,1
1787191487052,33573.141,0.0,1.4272,3,LOCK,0,1
1787191487062,33586.566,-11.9,1.4272,3,LOCK,0,1
1787191487072,33573.141,-59.5,1.4272,3,LOCK,0,1
1787191487082,34739.453,9047.6,1.6504,1,WAIT ZCD,1,0
1787191487092,34739.453,9047.6,1.6504,1,WAIT ZCD,1,0
1787191487102,34739.453,9047.6,1.6504,1,WAIT ZCD,1,0
1787191487112,34739.453,9047.6,1.6504,1,WAIT ZCD,1,0
1787191487122,34739.453,9047.6,1.6504,1,WAIT ZCD,1,0
1787191487131,34739.453,9047.6,1.6504,1,WAIT ZCD,1,0
1787191487142,34739.453,9047.6,1.6504,1,WAIT ZCD,1,0
1787191487152,34739.453,9047.6,1.6504,1,WAIT ZCD,1,0
1787191487162,34739.453,9047.6,1.6504,1,WAIT ZCD,1,0
1787191487172,34739.453,9047.6,1.6504,1,WAIT ZCD,1,0
1787191487182,34739.453,9047.6,1.6504,1,WAIT ZCD,1,0
1787191487192,34725.094,9047.6,1.6504,1,WAIT ZCD,1,0
1787191487202,34725.094,9047.6,1.6504,1,WAIT ZCD,1,0
1787191487212,34739.453,9047.6,1.6504,1,WAIT ZCD,1,0
1787191487222,34739.453,9047.6,1.6504,1,WAIT ZCD,1,0
1787191487232,34753.828,9047.6,1.6504,1,WAIT ZCD,1,0
1787191487242,34739.453,9047.6,1.6504,1,WAIT ZCD,1,0
1787191487252,34739.453,9047.6,1.6504,1,WAIT ZCD,1,0
1787191487262,34739.453,9047.6,1.6504,1,WAIT ZCD,1,0
1787191487272,34739.453,9047.6,1.6504,1,WAIT ZCD,1,0
1787191487282,34739.453,9047.6,1.6504,1,WAIT ZCD,1,0
1787191487292,34739.453,9047.6,1.6504,1,WAIT ZCD,1,0
1787191487302,34739.453,9047.6,1.6504,1,WAIT ZCD,1,0
1787191487311,34739.453,9047.6,1.6504,1,WAIT ZCD,1,0
1787191487322,34753.828,9047.6,1.6504,1,WAIT ZCD,1,0
1787191487332,34739.453,9047.6,1.6504,1,WAIT ZCD,1,0
1787191487342,34739.453,9047.6,1.6504,1,WAIT ZCD,1,0
1787191487352,34739.453,9047.6,1.6504,1,WAIT ZCD,1,0
1787191487362,34739.453,9047.6,1.6504,1,WAIT ZCD,1,0
1787191487372,34739.453,9047.6,1.6504,1,WAIT ZCD,1,0
1787191487382,34739.453,9047.6,1.6504,1,WAIT ZCD,1,0
1787191487392,34739.453,9047.6,1.6504,1,WAIT ZCD,1,0
1787191487402,34739.453,9047.6,1.6504,1,WAIT ZCD,1,0
1787191487412,34739.453,9047.6,1.6504,1,WAIT ZCD,1,0
1787191487421,34739.453,9047.6,1.6504,1,WAIT ZCD,1,0
1787191487432,34739.453,9047.6,1.6504,1,WAIT ZCD,1,0
1787191487442,34739.453,9047.6,1.6504,1,WAIT ZCD,1,0
1787191487452,34725.094,9047.6,1.6504,1,WAIT ZCD,1,0
1787191487462,34739.453,9047.6,1.6504,1,WAIT ZCD,1,0
1787191487471,34739.453,9047.6,1.6504,1,WAIT ZCD,1,0
1787191487481,34739.453,9047.6,1.6504,1,WAIT ZCD,1,0
1787191487491,34725.094,9047.6,1.6504,1,WAIT ZCD,1,0
1787191487502,34739.453,9047.6,1.6504,1,WAIT ZCD,1,0
1787191487512,34739.453,9047.6,1.6504,1,WAIT ZCD,1,0
1787191487522,34739.453,9047.6,1.6504,1,WAIT ZCD,1,0
1787191487531,34739.453,9047.6,1.6504,1,WAIT ZCD,1,0
1787191487542,34725.094,9047.6,1.6504,1,WAIT ZCD,1,0
1787191487552,34739.453,9047.6,1.6504,1,WAIT ZCD,1,0
1787191487562,34739.453,9047.6,1.6504,1,WAIT ZCD,1,0
1787191487572,34725.094,9047.6,1.6504,1,WAIT ZCD,1,0
1787191487582,34639.176,8952.4,1.6214,2,TRACK,0,0
1787191487592,34525.277,8714.3,1.6004,2,TRACK,0,0
1787191487602,34440.344,8559.5,1.5803,2,TRACK,0,0
1787191487612,34341.781,8333.3,1.5601,2,TRACK,0,0
1787191487622,34243.781,8047.6,1.5408,2,TRACK,0,0
1787191487632,34160.227,7809.5,1.5215,2,TRACK,0,0
1787191487641,34077.078,7523.8,1.5037,2,TRACK,0,0
1787191487651,33994.336,7131.0,1.4860,2,TRACK,0,0
1787191487661,33911.992,6476.2,1.4699,2,TRACK,0,0
1787191487671,33789.219,4833.3,1.4554,2,TRACK,0,0
1787191487682,33653.848,1738.1,1.4449,2,TRACK,0,0
1787191487692,33653.848,1714.3,1.4449,2,TRACK,0,0
1787191487702,33640.367,1500.0,1.4409,2,TRACK,0,0
1787191487712,33613.445,1131.0,1.4368,2,TRACK,0,0
1787191487722,33613.445,869.0,1.4352,2,TRACK,0,0
1787191487732,33600.000,726.2,1.4336,2,TRACK,0,0
1787191487742,33586.566,583.3,1.4320,2,TRACK,0,0
1787191487752,33600.000,381.0,1.4304,2,TRACK,0,0
1787191487761,33600.000,381.0,1.4296,2,TRACK,0,0
1787191487772,33586.566,357.1,1.4296,2,TRACK,0,0
1787191487782,33573.141,214.3,1.4280,2,TRACK,0,0
1787191487792,33573.141,166.7,1.4280,2,TRACK,0,0
1787191487802,33573.141,154.8,1.4280,2,TRACK,0,0
1787191487812,33573.141,119.0,1.4272,2,TRACK,0,0
1787191487822,33586.566,107.1,1.4272,2,TRACK,0,0
1787191487832,33573.141,0.0,1.4264,3,LOCK,0,1
1787191487842,33586.566,35.7,1.4264,3,LOCK,0,1
1787191487852,33573.141,83.3,1.4264,2,TRACK,0,0
1787191487861,33573.141,23.8,1.4264,3,LOCK,0,1
1787191487872,33573.141,83.3,1.4264,2,TRACK,0,0
1787191487882,33573.141,0.0,1.4264,3,LOCK,0,1
1787191487892,33573.141,0.0,1.4264,3,LOCK,0,1
1787191487902,33573.141,11.9,1.4264,3,LOCK,0,1
1787191487912,33573.141,-11.9,1.4264,3,LOCK,0,1
1787191487922,33573.141,23.8,1.4264,3,LOCK,0,1
1787191487932,33586.566,-47.6,1.4264,3,LOCK,0,1
1787191487942,33586.566,-23.8,1.4264,3,LOCK,0,1
1787191487952,33573.141,0.0,1.4264,3,LOCK,0,1
1787191487962,33586.566,-59.5,1.4264,3,LOCK,0,1
1787191487972,33573.141,-59.5,1.4264,3,LOCK,0,1
1787191487982,33573.141,-11.9,1.4272,3,LOCK,0,1
1787191487992,33573.141,-59.5,1.4264,3,LOCK,0,1
1787191488002,33573.141,-59.5,1.4264,3,LOCK,0,1
1787191488012,33573.141,-23.8,1.4272,3,LOCK,0,1
1787191488022,33586.566,11.9,1.4272,3,LOCK,0,1
1787191488032,33573.141,-71.4,1.4272,2,TRACK,0,0
1787191488042,33573.141,-23.8,1.4272,3,LOCK,0,1
1787191488052,33573.141,-59.5,1.4272,3,LOCK,0,1
1787191488062,33573.141,-47.6,1.4272,3,LOCK,0,1
1787191488071,33573.141,-59.5,1.4272,3,LOCK,0,1
1787191488082,33721.398,8952.4,1.4280,1,WAIT ZCD,1,0
1787191488092,34739.453,8952.4,1.6504,1,WAIT ZCD,1,0
1787191488102,34739.453,8952.4,1.6504,1,WAIT ZCD,1,0
1787191488112,34739.453,8952.4,1.6504,1,WAIT ZCD,1,0
1787191488122,34739.453,8952.4,1.6504,1,WAIT ZCD,1,0
1787191488132,34739.453,8952.4,1.6504,1,WAIT ZCD,1,0
1787191488142,34725.094,8952.4,1.6504,1,WAIT ZCD,1,0
1787191488151,34739.453,8952.4,1.6504,1,WAIT ZCD,1,0
1787191488161,34739.453,8952.4,1.6504,1,WAIT ZCD,1,0
1787191488172,34725.094,8952.4,1.6504,1,WAIT ZCD,1,0
1787191488181,34739.453,8952.4,1.6504,1,WAIT ZCD,1,0
1787191488192,34739.453,8952.4,1.6504,1,WAIT ZCD,1,0
1787191488202,34739.453,8952.4,1.6504,1,WAIT ZCD,1,0
1787191488212,34739.453,8952.4,1.6504,1,WAIT ZCD,1,0
1787191488222,34739.453,8952.4,1.6504,1,WAIT ZCD,1,0
1787191488232,34739.453,8952.4,1.6504,1,WAIT ZCD,1,0
1787191488242,34739.453,8952.4,1.6504,1,WAIT ZCD,1,0
1787191488251,34739.453,8952.4,1.6504,1,WAIT ZCD,1,0
1787191488262,34739.453,8952.4,1.6504,1,WAIT ZCD,1,0
1787191488272,34725.094,8952.4,1.6504,1,WAIT ZCD,1,0
1787191488282,34725.094,8952.4,1.6504,1,WAIT ZCD,1,0
1787191488292,34725.094,8952.4,1.6504,1,WAIT ZCD,1,0
1787191488302,34739.453,8952.4,1.6504,1,WAIT ZCD,1,0
1787191488312,34739.453,8952.4,1.6504,1,WAIT ZCD,1,0
1787191488322,34739.453,8952.4,1.6504,1,WAIT ZCD,1,0
1787191488332,34739.453,8952.4,1.6504,1,WAIT ZCD,1,0
1787191488342,34739.453,8952.4,1.6504,1,WAIT ZCD,1,0
1787191488351,34739.453,8952.4,1.6504,1,WAIT ZCD,1,0
1787191488361,34739.453,8952.4,1.6504,1,WAIT ZCD,1,0
1787191488372,34739.453,8952.4,1.6504,1,WAIT ZCD,1,0
1787191488382,34739.453,8952.4,1.6504,1,WAIT ZCD,1,0
1787191488392,34739.453,8952.4,1.6504,1,WAIT ZCD,1,0
1787191488402,34739.453,8952.4,1.6504,1,WAIT ZCD,1,0
1787191488412,34739.453,8952.4,1.6504,1,WAIT ZCD,1,0
1787191488422,34739.453,8952.4,1.6504,1,WAIT ZCD,1,0
1787191488432,34739.453,8952.4,1.6504,1,WAIT ZCD,1,0
1787191488442,34739.453,8952.4,1.6504,1,WAIT ZCD,1,0
1787191488452,34725.094,8952.4,1.6504,1,WAIT ZCD,1,0
1787191488462,34725.094,8952.4,1.6504,1,WAIT ZCD,1,0
1787191488472,34739.453,8952.4,1.6504,1,WAIT ZCD,1,0
1787191488482,34739.453,8952.4,1.6504,1,WAIT ZCD,1,0
1787191488491,34739.453,8952.4,1.6504,1,WAIT ZCD,1,0
1787191488501,34739.453,8952.4,1.6504,1,WAIT ZCD,1,0
1787191488511,34739.453,8952.4,1.6504,1,WAIT ZCD,1,0
1787191488522,34739.453,8952.4,1.6504,1,WAIT ZCD,1,0
1787191488532,34753.828,8952.4,1.6504,1,WAIT ZCD,1,0
1787191488541,34739.453,8952.4,1.6504,1,WAIT ZCD,1,0
1787191488552,34739.453,8952.4,1.6504,1,WAIT ZCD,1,0
1787191488561,34725.094,8952.4,1.6504,1,WAIT ZCD,1,0
1787191488571,34739.453,8952.4,1.6504,1,WAIT ZCD,1,0
1787191488582,34782.609,9511.9,1.6504,2,TRACK,0,0
1787191488591,34624.898,8904.8,1.6198,2,TRACK,0,0
1787191488602,34525.277,8702.4,1.5988,2,TRACK,0,0
1787191488612,34426.230,8488.1,1.5787,2,TRACK,0,0
1787191488622,34341.781,8297.6,1.5593,2,TRACK,0,0
1787191488632,34243.781,8119.0,1.5392,2,TRACK,0,0
1787191488642,34160.227,7821.4,1.5207,2,TRACK,0,0
1787191488652,34077.078,7488.1,1.5029,2,TRACK,0,0
1787191488662,33980.582,7131.0,1.4852,2,TRACK,0,0
1787191488672,33911.992,6511.9,1.4691,2,TRACK,0,0
1787191488682,33789.219,4797.6,1.4546,2,TRACK,0,0
1787191488692,33653.848,1726.2,1.4449,2,TRACK,0,0
1787191488701,33653.848,1702.4,1.4441,2,TRACK,0,0
1787191488712,33626.902,1500.0,1.4401,2,TRACK,0,0
1787191488721,33613.445,1131.0,1.4368,2,TRACK,0,0
1787191488732,33600.000,821.4,1.4344,2,TRACK,0,0
1787191488742,33613.445,690.5,1.4336,2,TRACK,0,0
1787191488752,33600.000,607.1,1.4320,2,TRACK,0,0
1787191488762,33586.566,452.4,1.4304,2,TRACK,0,0
1787191488772,33586.566,321.4,1.4296,2,TRACK,0,0
1787191488782,33586.566,261.9,1.4288,2,TRACK,0,0
1787191488792,33573.141,261.9,1.4288,2,TRACK,0,0
1787191488801,33573.141,261.9,1.4280,2,TRACK,0,0
1787191488812,33573.141,166.7,1.4272,2,TRACK,0,0
1787191488822,33586.566,166.7,1.4272,2,TRACK,0,0
1787191488832,33573.141,131.0,1.4272,2,TRACK,0,0
1787191488841,33573.141,59.5,1.4264,3,LOCK,0,1
1787191488852,33586.566,95.2,1.4264,2,TRACK,0,0
1787191488862,33586.566,23.8,1.4256,3,LOCK,0,1
1787191488871,33573.141,0.0,1.4256,3,LOCK,0,1
1787191488881,33573.141,35.7,1.4264,3,LOCK,0,1
1787191488892,33573.141,11.9,1.4256,3,LOCK,0,1
1787191488901,33559.727,-47.6,1.4256,3,LOCK,0,1
1787191488911,33573.141,-47.6,1.4256,3,LOCK,0,1
1787191488921,33573.141,47.6,1.4264,3,LOCK,0,1
1787191488932,33586.566,-47.6,1.4256,3,LOCK,0,1
1787191488941,33573.141,-11.9,1.4264,3,LOCK,0,1
1787191488952,33573.141,-35.7,1.4264,3,LOCK,0,1
1787191488962,33586.566,-23.8,1.4264,3,LOCK,0,1
1787191488971,33573.141,11.9,1.4264,3,LOCK,0,1
1787191488982,33573.141,-11.9,1.4264,3,LOCK,0,1
1787191488992,33586.566,-47.6,1.4264,3,LOCK,0,1
1787191489002,33573.141,0.0,1.4264,3,LOCK,0,1
1787191489012,33573.141,-47.6,1.4264,3,LOCK,0,1
1787191489022,33573.141,-35.7,1.4264,3,LOCK,0,1
1787191489032,33586.566,-47.6,1.4264,3,LOCK,0,1
1787191489041,33573.141,-59.5,1.4264,3,LOCK,0,1
1787191489051,33573.141,-83.3,1.4264,2,TRACK,0,0
1787191489062,33586.566,-83.3,1.4264,2,TRACK,0,0
1787191489071,33573.141,-59.5,1.4272,3,LOCK,0,1
1787191489082,33573.141,0.0,1.4272,3,LOCK,0,1
1787191489092,34739.453,9511.9,1.6504,1,WAIT ZCD,1,0
1787191489102,34739.453,9511.9,1.6504,1,WAIT ZCD,1,0
1787191489111,34739.453,9511.9,1.6504,1,WAIT ZCD,1,0
1787191489121,34739.453,9511.9,1.6504,1,WAIT ZCD,1,0
1787191489132,34739.453,9511.9,1.6504,1,WAIT ZCD,1,0
1787191489142,34725.094,9511.9,1.6504,1,WAIT ZCD,1,0
1787191489151,34739.453,9511.9,1.6504,1,WAIT ZCD,1,0
1787191489161,34739.453,9511.9,1.6504,1,WAIT ZCD,1,0
1787191489171,34739.453,9511.9,1.6504,1,WAIT ZCD,1,0
1787191489182,34753.828,9511.9,1.6504,1,WAIT ZCD,1,0
1787191489191,34739.453,9511.9,1.6504,1,WAIT ZCD,1,0
1787191489201,34739.453,9511.9,1.6504,1,WAIT ZCD,1,0
1787191489211,34739.453,9511.9,1.6504,1,WAIT ZCD,1,0
1787191489222,34739.453,9511.9,1.6504,1,WAIT ZCD,1,0
1787191489232,34739.453,9511.9,1.6504,1,WAIT ZCD,1,0
1787191489242,34739.453,9511.9,1.6504,1,WAIT ZCD,1,0
1787191489252,34739.453,9511.9,1.6504,1,WAIT ZCD,1,0
1787191489261,34739.453,9511.9,1.6504,1,WAIT ZCD,1,0
1787191489271,34739.453,9511.9,1.6504,1,WAIT ZCD,1,0
1787191489281,34739.453,9511.9,1.6504,1,WAIT ZCD,1,0
1787191489291,34739.453,9511.9,1.6504,1,WAIT ZCD,1,0
1787191489301,34739.453,9511.9,1.6504,1,WAIT ZCD,1,0
1787191489311,34739.453,9511.9,1.6504,1,WAIT ZCD,1,0
1787191489321,34725.094,9511.9,1.6504,1,WAIT ZCD,1,0
1787191489332,34739.453,9511.9,1.6504,1,WAIT ZCD,1,0
1787191489342,34739.453,9511.9,1.6504,1,WAIT ZCD,1,0
1787191489351,34725.094,9511.9,1.6504,1,WAIT ZCD,1,0
1787191489361,34739.453,9511.9,1.6504,1,WAIT ZCD,1,0
1787191489371,34739.453,9511.9,1.6504,1,WAIT ZCD,1,0
1787191489382,34753.828,9511.9,1.6504,1,WAIT ZCD,1,0
1787191489391,34739.453,9511.9,1.6504,1,WAIT ZCD,1,0
1787191489401,34753.828,9511.9,1.6504,1,WAIT ZCD,1,0
1787191489411,34739.453,9511.9,1.6504,1,WAIT ZCD,1,0
1787191489421,34739.453,9511.9,1.6504,1,WAIT ZCD,1,0
1787191489431,34739.453,9511.9,1.6504,1,WAIT ZCD,1,0
1787191489441,34739.453,9511.9,1.6504,1,WAIT ZCD,1,0
1787191489451,34739.453,9511.9,1.6504,1,WAIT ZCD,1,0
1787191489461,34739.453,9511.9,1.6504,1,WAIT ZCD,1,0
1787191489471,34739.453,9511.9,1.6504,1,WAIT ZCD,1,0
1787191489481,34739.453,9511.9,1.6504,1,WAIT ZCD,1,0
1787191489491,34739.453,9511.9,1.6504,1,WAIT ZCD,1,0
1787191489501,34739.453,9511.9,1.6504,1,WAIT ZCD,1,0
1787191489512,34725.094,9511.9,1.6504,1,WAIT ZCD,1,0
1787191489521,34725.094,9511.9,1.6504,1,WAIT ZCD,1,0
1787191489531,34725.094,9511.9,1.6504,1,WAIT ZCD,1,0
1787191489541,34739.453,9511.9,1.6504,1,WAIT ZCD,1,0
1787191489552,34739.453,9511.9,1.6504,1,WAIT ZCD,1,0
1787191489561,34739.453,9511.9,1.6504,1,WAIT ZCD,1,0
1787191489571,34739.453,9511.9,1.6504,1,WAIT ZCD,1,0
1787191489581,34739.453,9511.9,1.6504,1,WAIT ZCD,1,0
1787191489592,34639.176,8976.2,1.6238,2,TRACK,0,0
1787191489601,34539.473,8750.0,1.6021,2,TRACK,0,0
1787191489611,34440.344,8559.5,1.5811,2,TRACK,0,0
1787191489621,34341.781,8285.7,1.5618,2,TRACK,0,0
1787191489631,34257.750,8190.5,1.5424,2,TRACK,0,0
1787191489641,34174.125,7869.0,1.5231,2,TRACK,0,0
1787191489651,34090.910,7571.4,1.5053,2,TRACK,0,0
1787191489662,33994.336,7142.9,1.4876,2,TRACK,0,0
1787191489671,33911.992,6702.4,1.4715,2,TRACK,0,0
1787191489682,33816.426,5333.3,1.4562,2,TRACK,0,0
1787191489691,33640.367,1809.5,1.4449,2,TRACK,0,0
1787191489701,33653.848,1714.3,1.4449,2,TRACK,0,0
1787191489711,33626.902,1500.0,1.4409,2,TRACK,0,0
1787191489722,33613.445,1095.2,1.4368,2,TRACK,0,0
1787191489732,33600.000,797.6,1.4352,2,TRACK,0,0
1787191489741,33600.000,654.8,1.4336,2,TRACK,0,0
1787191489752,33600.000,607.1,1.4320,2,TRACK,0,0
1787191489761,33600.000,428.6,1.4304,2,TRACK,0,0
1787191489771,33586.566,345.2,1.4296,2,TRACK,0,0
1787191489781,33573.141,250.0,1.4288,2,TRACK,0,0
1787191489791,33586.566,250.0,1.4288,2,TRACK,0,0
1787191489802,33586.566,190.5,1.4280,2,TRACK,0,0
1787191489811,33573.141,178.6,1.4280,2,TRACK,0,0
1787191489821,33586.566,166.7,1.4272,2,TRACK,0,0
1787191489831,33573.141,71.4,1.4272,2,TRACK,0,0
1787191489842,33573.141,119.0,1.4272,2,TRACK,0,0
1787191489851,33573.141,71.4,1.4272,2,TRACK,0,0
1787191489862,33573.141,23.8,1.4264,3,LOCK,0,1
1787191489872,33586.566,-23.8,1.4264,3,LOCK,0,1
1787191489882,33573.141,-23.8,1.4264,3,LOCK,0,1
1787191489891,33573.141,-47.6,1.4264,3,LOCK,0,1
1787191489902,33573.141,23.8,1.4264,3,LOCK,0,1
1787191489911,33573.141,-59.5,1.4264,3,LOCK,0,1
1787191489921,33573.141,-47.6,1.4264,3,LOCK,0,1
1787191489932,33573.141,-11.9,1.4264,3,LOCK,0,1
1787191489941,33573.141,-11.9,1.4272,3,LOCK,0,1
1787191489951,33586.566,-35.7,1.4264,3,LOCK,0,1
1787191489961,33586.566,11.9,1.4272,3,LOCK,0,1
1787191489971,33586.566,23.8,1.4272,3,LOCK,0,1
1787191489981,33573.141,0.0,1.4272,3,LOCK,0,1
1787191489991,33573.141,23.8,1.4272,3,LOCK,0,1
1787191490001,33573.141,-35.7,1.4272,3,LOCK,0,1
1787191490011,33573.141,-47.6,1.4272,3,LOCK,0,1
1787191490021,33573.141,-59.5,1.4272,3,LOCK,0,1
1787191490032,33573.141,0.0,1.4272,3,LOCK,0,1
1787191490041,33573.141,-47.6,1.4272,3,LOCK,0,1
1787191490051,33559.727,-71.4,1.4272,2,TRACK,0,0
1787191490061,33586.566,-35.7,1.4280,3,LOCK,0,1
1787191490072,33573.141,-59.5,1.4280,3,LOCK,0,1
1787191490082,33573.141,-11.9,1.4280,3,LOCK,0,1
1787191490092,33721.398,8976.2,1.4280,1,WAIT ZCD,1,0
1787191490101,34725.094,8976.2,1.6504,1,WAIT ZCD,1,0
1787191490111,34739.453,8976.2,1.6504,1,WAIT ZCD,1,0
1787191490121,34739.453,8976.2,1.6504,1,WAIT ZCD,1,0
1787191490132,34725.094,8976.2,1.6504,1,WAIT ZCD,1,0
1787191490142,34739.453,8976.2,1.6504,1,WAIT ZCD,1,0
1787191490151,34725.094,8976.2,1.6504,1,WAIT ZCD,1,0
1787191490161,34725.094,8976.2,1.6504,1,WAIT ZCD,1,0
1787191490171,34739.453,8976.2,1.6504,1,WAIT ZCD,1,0
1787191490181,34725.094,8976.2,1.6504,1,WAIT ZCD,1,0
1787191490191,34739.453,8976.2,1.6504,1,WAIT ZCD,1,0
1787191490201,34739.453,8976.2,1.6504,1,WAIT ZCD,1,0
1787191490211,34739.453,8976.2,1.6504,1,WAIT ZCD,1,0
1787191490221,34739.453,8976.2,1.6504,1,WAIT ZCD,1,0
1787191490231,34725.094,8976.2,1.6504,1,WAIT ZCD,1,0
1787191490241,34725.094,8976.2,1.6504,1,WAIT ZCD,1,0
1787191490251,34739.453,8976.2,1.6504,1,WAIT ZCD,1,0
1787191490261,34739.453,8976.2,1.6504,1,WAIT ZCD,1,0
1787191490271,34739.453,8976.2,1.6504,1,WAIT ZCD,1,0
1787191490281,34739.453,8976.2,1.6504,1,WAIT ZCD,1,0
1787191490291,34725.094,8976.2,1.6504,1,WAIT ZCD,1,0
1787191490301,34725.094,8976.2,1.6504,1,WAIT ZCD,1,0
1787191490311,34739.453,8976.2,1.6504,1,WAIT ZCD,1,0
1787191490321,34739.453,8976.2,1.6504,1,WAIT ZCD,1,0
1787191490331,34739.453,8976.2,1.6504,1,WAIT ZCD,1,0
1787191490341,34739.453,8976.2,1.6504,1,WAIT ZCD,1,0
1787191490351,34739.453,8976.2,1.6504,1,WAIT ZCD,1,0
1787191490361,34739.453,8976.2,1.6504,1,WAIT ZCD,1,0
1787191490371,34725.094,8976.2,1.6504,1,WAIT ZCD,1,0
1787191490381,34739.453,8976.2,1.6504,1,WAIT ZCD,1,0
1787191490391,34739.453,8976.2,1.6504,1,WAIT ZCD,1,0
1787191490401,34739.453,8976.2,1.6504,1,WAIT ZCD,1,0
1787191490411,34739.453,8976.2,1.6504,1,WAIT ZCD,1,0
1787191490421,34725.094,8976.2,1.6504,1,WAIT ZCD,1,0
1787191490431,34739.453,8976.2,1.6504,1,WAIT ZCD,1,0
1787191490441,34739.453,8976.2,1.6504,1,WAIT ZCD,1,0
1787191490451,34739.453,8976.2,1.6504,1,WAIT ZCD,1,0
1787191490461,34739.453,8976.2,1.6504,1,WAIT ZCD,1,0
1787191490471,34739.453,8976.2,1.6504,1,WAIT ZCD,1,0
1787191490481,34739.453,8976.2,1.6504,1,WAIT ZCD,1,0
1787191490491,34739.453,8976.2,1.6504,1,WAIT ZCD,1,0
1787191490501,34739.453,8976.2,1.6504,1,WAIT ZCD,1,0
1787191490511,34739.453,8976.2,1.6504,1,WAIT ZCD,1,0
1787191490521,34739.453,8976.2,1.6504,1,WAIT ZCD,1,0
1787191490531,34739.453,8976.2,1.6504,1,WAIT ZCD,1,0
1787191490541,34725.094,8976.2,1.6504,1,WAIT ZCD,1,0
1787191490551,34725.094,8976.2,1.6504,1,WAIT ZCD,1,0
1787191490561,34739.453,8976.2,1.6504,1,WAIT ZCD,1,0
1787191490571,34739.453,8976.2,1.6504,1,WAIT ZCD,1,0
1787191490581,34739.453,8976.2,1.6504,1,WAIT ZCD,1,0
1787191490591,34782.609,9702.4,1.6504,2,TRACK,0,0
1787191490601,34624.898,8881.0,1.6190,2,TRACK,0,0
1787191490612,34511.094,8714.3,1.5988,2,TRACK,0,0
1787191490621,34426.230,8500.0,1.5787,2,TRACK,0,0
1787191490632,34327.750,8333.3,1.5585,2,TRACK,0,0
1787191490641,34243.781,8107.1,1.5392,2,TRACK,0,0
1787191490652,34160.227,7833.3,1.5207,2,TRACK,0,0
1787191490661,34063.262,7428.6,1.5021,2,TRACK,0,0
1787191490671,33980.582,7083.3,1.4852,2,TRACK,0,0
1787191490682,33898.305,6511.9,1.4691,2,TRACK,0,0
1787191490692,33762.059,4702.4,1.4538,2,TRACK,0,0
1787191490701,33653.848,1821.4,1.4449,2,TRACK,0,0
1787191490711,33640.367,1666.7,1.4433,2,TRACK,0,0
1787191490721,33613.445,1500.0,1.4393,2,TRACK,0,0
1787191490731,33600.000,1023.8,1.4360,2,TRACK,0,0
1787191490741,33613.445,773.8,1.4344,2,TRACK,0,0
1787191490751,33600.000,666.7,1.4328,2,TRACK,0,0
1787191490761,33600.000,547.6,1.4312,2,TRACK,0,0
1787191490771,33586.566,428.6,1.4304,2,TRACK,0,0
1787191490781,33586.566,369.0,1.4296,2,TRACK,0,0
1787191490791,33586.566,309.5,1.4288,2,TRACK,0,0
1787191490801,33586.566,178.6,1.4280,2,TRACK,0,0
1787191490811,33586.566,214.3,1.4280,2,TRACK,0,0
1787191490821,33586.566,142.9,1.4272,2,TRACK,0,0
1787191490831,33586.566,131.0,1.4272,2,TRACK,0,0
1787191490841,33586.566,107.1,1.4272,2,TRACK,0,0
1787191490851,33573.141,131.0,1.4272,2,TRACK,0,0
1787191490861,33573.141,35.7,1.4264,3,LOCK,0,1
1787191490871,33573.141,71.4,1.4264,2,TRACK,0,0
1787191490881,33573.141,35.7,1.4264,3,LOCK,0,1
1787191490891,33586.566,11.9,1.4264,3,LOCK,0,1
1787191490902,33573.141,0.0,1.4264,3,LOCK,0,1
1787191490911,33573.141,35.7,1.4264,3,LOCK,0,1
1787191490921,33573.141,0.0,1.4264,3,LOCK,0,1
1787191490931,33573.141,-11.9,1.4264,3,LOCK,0,1
1787191490941,33559.727,-47.6,1.4264,3,LOCK,0,1
1787191490951,33573.141,23.8,1.4264,3,LOCK,0,1
1787191490961,33559.727,-59.5,1.4264,3,LOCK,0,1
1787191490971,33573.141,-11.9,1.4264,3,LOCK,0,1
1787191490982,33573.141,23.8,1.4264,3,LOCK,0,1
1787191490992,33573.141,11.9,1.4264,3,LOCK,0,1
1787191491002,33573.141,-23.8,1.4264,3,LOCK,0,1
1787191491011,33573.141,-71.4,1.4264,2,TRACK,0,0
1787191491021,33573.141,23.8,1.4272,3,LOCK,0,1
1787191491032,33573.141,-47.6,1.4272,3,LOCK,0,1
1787191491041,33573.141,0.0,1.4272,3,LOCK,0,1
1787191491051,33573.141,-11.9,1.4272,3,LOCK,0,1
1787191491061,33559.727,-71.4,1.4272,2,TRACK,0,0
1787191491071,33573.141,-11.9,1.4272,3,LOCK,0,1
1787191491081,33559.727,-59.5,1.4272,3,LOCK,0,1
1787191491091,33573.141,-35.7,1.4272,3,LOCK,0,1
1787191491101,34725.094,9702.4,1.6504,1,WAIT ZCD,1,0
1787191491112,34725.094,9702.4,1.6504,1,WAIT ZCD,1,0
1787191491121,34739.453,9702.4,1.6504,1,WAIT ZCD,1,0
1787191491131,34739.453,9702.4,1.6504,1,WAIT ZCD,1,0
1787191491141,34739.453,9702.4,1.6504,1,WAIT ZCD,1,0
1787191491151,34739.453,9702.4,1.6504,1,WAIT ZCD,1,0
1787191491161,34725.094,9702.4,1.6504,1,WAIT ZCD,1,0
1787191491171,34725.094,9702.4,1.6504,1,WAIT ZCD,1,0
1787191491181,34739.453,9702.4,1.6504,1,WAIT ZCD,1,0
1787191491191,34739.453,9702.4,1.6504,1,WAIT ZCD,1,0
1787191491201,34725.094,9702.4,1.6504,1,WAIT ZCD,1,0
1787191491211,34739.453,9702.4,1.6504,1,WAIT ZCD,1,0
1787191491221,34739.453,9702.4,1.6504,1,WAIT ZCD,1,0
1787191491232,34739.453,9702.4,1.6504,1,WAIT ZCD,1,0
1787191491242,34739.453,9702.4,1.6504,1,WAIT ZCD,1,0
1787191491251,34739.453,9702.4,1.6504,1,WAIT ZCD,1,0
1787191491261,34739.453,9702.4,1.6504,1,WAIT ZCD,1,0
1787191491271,34739.453,9702.4,1.6504,1,WAIT ZCD,1,0
1787191491281,34739.453,9702.4,1.6504,1,WAIT ZCD,1,0
1787191491291,34725.094,9702.4,1.6504,1,WAIT ZCD,1,0
1787191491301,34739.453,9702.4,1.6504,1,WAIT ZCD,1,0
1787191491311,34739.453,9702.4,1.6504,1,WAIT ZCD,1,0
1787191491321,34739.453,9702.4,1.6504,1,WAIT ZCD,1,0
1787191491331,34753.828,9702.4,1.6504,1,WAIT ZCD,1,0
1787191491341,34725.094,9702.4,1.6504,1,WAIT ZCD,1,0
1787191491351,34739.453,9702.4,1.6504,1,WAIT ZCD,1,0
1787191491361,34739.453,9702.4,1.6504,1,WAIT ZCD,1,0
1787191491371,34739.453,9702.4,1.6504,1,WAIT ZCD,1,0
1787191491381,34739.453,9702.4,1.6504,1,WAIT ZCD,1,0
1787191491391,34725.094,9702.4,1.6504,1,WAIT ZCD,1,0
1787191491401,34725.094,9702.4,1.6504,1,WAIT ZCD,1,0
1787191491411,34739.453,9702.4,1.6504,1,WAIT ZCD,1,0
1787191491421,34739.453,9702.4,1.6504,1,WAIT ZCD,1,0
1787191491431,34739.453,9702.4,1.6504,1,WAIT ZCD,1,0
1787191491441,34739.453,9702.4,1.6504,1,WAIT ZCD,1,0
1787191491451,34739.453,9702.4,1.6504,1,WAIT ZCD,1,0
1787191491461,34739.453,9702.4,1.6504,1,WAIT ZCD,1,0
1787191491471,34739.453,9702.4,1.6504,1,WAIT ZCD,1,0
1787191491481,34739.453,9702.4,1.6504,1,WAIT ZCD,1,0
1787191491491,34725.094,9702.4,1.6504,1,WAIT ZCD,1,0
1787191491501,34739.453,9702.4,1.6504,1,WAIT ZCD,1,0
1787191491511,34725.094,9702.4,1.6504,1,WAIT ZCD,1,0
1787191491521,34739.453,9702.4,1.6504,1,WAIT ZCD,1,0
1787191491531,34739.453,9702.4,1.6504,1,WAIT ZCD,1,0
1787191491541,34739.453,9702.4,1.6504,1,WAIT ZCD,1,0
1787191491551,34739.453,9702.4,1.6504,1,WAIT ZCD,1,0
1787191491561,34739.453,9702.4,1.6504,1,WAIT ZCD,1,0
1787191491571,34739.453,9702.4,1.6504,1,WAIT ZCD,1,0
1787191491581,34725.094,9702.4,1.6504,1,WAIT ZCD,1,0
1787191491591,34725.094,9702.4,1.6504,1,WAIT ZCD,1,0
1787191491601,34624.898,8952.4,1.6238,2,TRACK,0,0
1787191491611,34539.473,8726.2,1.6021,2,TRACK,0,0
1787191491621,34440.344,8559.5,1.5811,2,TRACK,0,0
1787191491631,34355.828,8392.9,1.5610,2,TRACK,0,0
1787191491641,34257.750,8107.1,1.5416,2,TRACK,0,0
1787191491651,34174.125,7857.1,1.5231,2,TRACK,0,0
1787191491661,34090.910,7488.1,1.5045,2,TRACK,0,0
1787191491671,33994.336,7131.0,1.4876,2,TRACK,0,0
1787191491681,33911.992,6631.0,1.4707,2,TRACK,0,0
1787191491692,33802.816,5369.0,1.4562,2,TRACK,0,0
1787191491701,33640.367,1881.0,1.4449,2,TRACK,0,0
1787191491712,33640.367,1702.4,1.4441,2,TRACK,0,0
1787191491721,33626.902,1511.9,1.4401,2,TRACK,0,0
1787191491731,33613.445,1119.0,1.4368,2,TRACK,0,0
1787191491741,33600.000,845.2,1.4344,2,TRACK,0,0
1787191491751,33600.000,750.0,1.4328,2,TRACK,0,0
1787191491761,33586.566,511.9,1.4312,2,TRACK,0,0
1787191491771,33586.566,428.6,1.4304,2,TRACK,0,0
1787191491781,33586.566,357.1,1.4296,2,TRACK,0,0
1787191491791,33586.566,297.6,1.4288,2,TRACK,0,0
1787191491801,33573.141,178.6,1.4280,2,TRACK,0,0
1787191491811,33586.566,226.2,1.4280,2,TRACK,0,0
1787191491821,33573.141,190.5,1.4272,2,TRACK,0,0
1787191491831,33573.141,119.0,1.4272,2,TRACK,0,0
1787191491841,33573.141,71.4,1.4264,2,TRACK,0,0
1787191491851,33573.141,107.1,1.4264,2,TRACK,0,0
1787191491861,33559.727,47.6,1.4264,3,LOCK,0,1
1787191491871,33573.141,95.2,1.4264,2,TRACK,0,0
1787191491881,33573.141,47.6,1.4264,3,LOCK,0,1
1787191491891,33573.141,-47.6,1.4256,3,LOCK,0,1
1787191491901,33573.141,47.6,1.4264,3,LOCK,0,1
1787191491914,33573.141,-35.7,1.4256,3,LOCK,0,1
1787191491921,33573.141,35.7,1.4264,3,LOCK,0,1
1787191491932,33559.727,-11.9,1.4256,3,LOCK,0,1
1787191491941,33573.141,11.9,1.4256,3,LOCK,0,1
1787191491951,33573.141,47.6,1.4264,3,LOCK,0,1
1787191491961,33559.727,-11.9,1.4256,3,LOCK,0,1
1787191491971,33573.141,0.0,1.4256,3,LOCK,0,1
1787191491981,33573.141,-47.6,1.4264,3,LOCK,0,1
1787191491991,33559.727,-11.9,1.4256,3,LOCK,0,1
1787191492001,33573.141,0.0,1.4264,3,LOCK,0,1
1787191492011,33573.141,0.0,1.4264,3,LOCK,0,1
1787191492021,33573.141,11.9,1.4264,3,LOCK,0,1
1787191492031,33573.141,-11.9,1.4256,3,LOCK,0,1
1787191492041,33573.141,11.9,1.4264,3,LOCK,0,1
1787191492051,33573.141,-11.9,1.4264,3,LOCK,0,1
1787191492062,33573.141,11.9,1.4264,3,LOCK,0,1
1787191492071,33573.141,-23.8,1.4264,3,LOCK,0,1
1787191492081,33559.727,-59.5,1.4264,3,LOCK,0,1
1787191492091,33573.141,-11.9,1.4264,3,LOCK,0,1
1787191492101,33707.863,8952.4,1.4264,1,WAIT ZCD,1,0
1787191492111,34725.094,8952.4,1.6504,1,WAIT ZCD,1,0
1787191492121,34739.453,8952.4,1.6504,1,WAIT ZCD,1,0
1787191492131,34739.453,8952.4,1.6504,1,WAIT ZCD,1,0
1787191492141,34739.453,8952.4,1.6504,1,WAIT ZCD,1,0
1787191492151,34739.453,8952.4,1.6504,1,WAIT ZCD,1,0
1787191492161,34739.453,8952.4,1.6504,1,WAIT ZCD,1,0
1787191492171,34739.453,8952.4,1.6504,1,WAIT ZCD,1,0
1787191492182,34725.094,8952.4,1.6504,1,WAIT ZCD,1,0
1787191492191,34739.453,8952.4,1.6504,1,WAIT ZCD,1,0
1787191492201,34739.453,8952.4,1.6504,1,WAIT ZCD,1,0
1787191492211,34739.453,8952.4,1.6504,1,WAIT ZCD,1,0
1787191492221,34739.453,8952.4,1.6504,1,WAIT ZCD,1,0
1787191492231,34725.094,8952.4,1.6504,1,WAIT ZCD,1,0
1787191492241,34739.453,8952.4,1.6504,1,WAIT ZCD,1,0
1787191492251,34739.453,8952.4,1.6504,1,WAIT ZCD,1,0
1787191492261,34739.453,8952.4,1.6504,1,WAIT ZCD,1,0
1787191492271,34725.094,8952.4,1.6504,1,WAIT ZCD,1,0
1787191492281,34739.453,8952.4,1.6504,1,WAIT ZCD,1,0
1787191492291,34739.453,8952.4,1.6504,1,WAIT ZCD,1,0
1787191492301,34739.453,8952.4,1.6504,1,WAIT ZCD,1,0
1787191492311,34725.094,8952.4,1.6504,1,WAIT ZCD,1,0
1787191492321,34739.453,8952.4,1.6504,1,WAIT ZCD,1,0
1787191492331,34739.453,8952.4,1.6504,1,WAIT ZCD,1,0
1787191492341,34725.094,8952.4,1.6504,1,WAIT ZCD,1,0
1787191492351,34739.453,8952.4,1.6504,1,WAIT ZCD,1,0
1787191492361,34739.453,8952.4,1.6504,1,WAIT ZCD,1,0
1787191492371,34725.094,8952.4,1.6504,1,WAIT ZCD,1,0
1787191492382,34739.453,8952.4,1.6504,1,WAIT ZCD,1,0
1787191492391,34739.453,8952.4,1.6504,1,WAIT ZCD,1,0
1787191492402,34739.453,8952.4,1.6504,1,WAIT ZCD,1,0
1787191492411,34739.453,8952.4,1.6504,1,WAIT ZCD,1,0
1787191492421,34725.094,8952.4,1.6504,1,WAIT ZCD,1,0
1787191492431,34739.453,8952.4,1.6504,1,WAIT ZCD,1,0
1787191492441,34725.094,8952.4,1.6504,1,WAIT ZCD,1,0
1787191492451,34739.453,8952.4,1.6504,1,WAIT ZCD,1,0
1787191492461,34739.453,8952.4,1.6504,1,WAIT ZCD,1,0
1787191492471,34753.828,8952.4,1.6504,1,WAIT ZCD,1,0
1787191492481,34739.453,8952.4,1.6504,1,WAIT ZCD,1,0
1787191492491,34739.453,8952.4,1.6504,1,WAIT ZCD,1,0
1787191492501,34725.094,8952.4,1.6504,1,WAIT ZCD,1,0
1787191492511,34739.453,8952.4,1.6504,1,WAIT ZCD,1,0
1787191492521,34725.094,8952.4,1.6504,1,WAIT ZCD,1,0
1787191492531,34725.094,8952.4,1.6504,1,WAIT ZCD,1,0
1787191492541,34739.453,8952.4,1.6504,1,WAIT ZCD,1,0
1787191492551,34739.453,8952.4,1.6504,1,WAIT ZCD,1,0
1787191492561,34739.453,8952.4,1.6504,1,WAIT ZCD,1,0
1787191492571,34739.453,8952.4,1.6504,1,WAIT ZCD,1,0
1787191492581,34739.453,8952.4,1.6504,1,WAIT ZCD,1,0
1787191492592,34739.453,8952.4,1.6504,1,WAIT ZCD,1,0
1787191492601,34768.211,9928.6,1.6504,2,TRACK,0,0
1787191492612,34624.898,8952.4,1.6190,2,TRACK,0,0
1787191492621,34511.094,8702.4,1.5988,2,TRACK,0,0
1787191492632,34426.230,8583.3,1.5787,2,TRACK,0,0
1787191492641,34341.781,8333.3,1.5585,2,TRACK,0,0
1787191492651,34243.781,8119.0,1.5392,2,TRACK,0,0
1787191492661,34160.227,7821.4,1.5207,2,TRACK,0,0
1787191492671,34077.078,7428.6,1.5029,2,TRACK,0,0
1787191492681,33980.582,7059.5,1.4852,2,TRACK,0,0
1787191492691,33898.305,6571.4,1.4691,2,TRACK,0,0
1787191492701,33789.219,5119.0,1.4546,2,TRACK,0,0
1787191492711,33640.367,1714.3,1.4433,2,TRACK,0,0
1787191492721,33640.367,1690.5,1.4433,2,TRACK,0,0
1787191492731,33626.902,1500.0,1.4393,2,TRACK,0,0
1787191492741,33600.000,1035.7,1.4360,2,TRACK,0,0
1787191492751,33600.000,750.0,1.4336,2,TRACK,0,0
1787191492761,33600.000,654.8,1.4328,2,TRACK,0,0
1787191492771,33586.566,500.0,1.4312,2,TRACK,0,0
1787191492782,33586.566,404.8,1.4296,2,TRACK,0,0
1787191492791,33573.141,285.7,1.4288,2,TRACK,0,0
1787191492801,33573.141,273.8,1.4280,2,TRACK,0,0
1787191492811,33586.566,250.0,1.4280,2,TRACK,0,0
1787191492821,33573.141,226.2,1.4272,2,TRACK,0,0
1787191492831,33573.141,131.0,1.4272,2,TRACK,0,0
1787191492841,33573.141,131.0,1.4272,2,TRACK,0,0
1787191492851,33573.141,107.1,1.4264,2,TRACK,0,0
1787191492861,33573.141,71.4,1.4264,2,TRACK,0,0
1787191492871,33573.141,47.6,1.4264,3,LOCK,0,1
1787191492881,33573.141,35.7,1.4264,3,LOCK,0,1
1787191492891,33573.141,23.8,1.4264,3,LOCK,0,1
1787191492901,33559.727,-11.9,1.4256,3,LOCK,0,1
1787191492911,33573.141,23.8,1.4256,3,LOCK,0,1
1787191492921,33573.141,0.0,1.4256,3,LOCK,0,1
1787191492932,33559.727,-23.8,1.4256,3,LOCK,0,1
1787191492941,33559.727,11.9,1.4256,3,LOCK,0,1
1787191492951,33559.727,-23.8,1.4256,3,LOCK,0,1
1787191492961,33573.141,-11.9,1.4256,3,LOCK,0,1
1787191492971,33573.141,-59.5,1.4256,3,LOCK,0,1
1787191492981,33573.141,-11.9,1.4256,3,LOCK,0,1
1787191492991,33573.141,47.6,1.4264,3,LOCK,0,1
1787191493001,33573.141,23.8,1.4256,3,LOCK,0,1
1787191493011,33559.727,23.8,1.4264,3,LOCK,0,1
1787191493021,33573.141,-35.7,1.4256,3,LOCK,0,1
1787191493031,33559.727,0.0,1.4264,3,LOCK,0,1
1787191493041,33586.566,-23.8,1.4264,3,LOCK,0,1
1787191493051,33573.141,-59.5,1.4264,3,LOCK,0,1
1787191493061,33573.141,47.6,1.4264,3,LOCK,0,1
1787191493071,33573.141,-23.8,1.4264,3,LOCK,0,1
1787191493081,33573.141,-23.8,1.4264,3,LOCK,0,1
1787191493091,33573.141,-35.7,1.4264,3,LOCK,0,1
1787191493101,33573.141,0.0,1.4264,3,LOCK,0,1
1787191493111,34739.453,9928.6,1.6504,1,WAIT ZCD,1,0
1787191493121,34739.453,9928.6,1.6504,1,WAIT ZCD,1,0
1787191493131,34739.453,9928.6,1.6504,1,WAIT ZCD,1,0
1787191493141,34725.094,9928.6,1.6504,1,WAIT ZCD,1,0
1787191493151,34739.453,9928.6,1.6504,1,WAIT ZCD,1,0
1787191493161,34739.453,9928.6,1.6504,1,WAIT ZCD,1,0
1787191493171,34725.094,9928.6,1.6504,1,WAIT ZCD,1,0
1787191493181,34725.094,9928.6,1.6504,1,WAIT ZCD,1,0
1787191493191,34725.094,9928.6,1.6504,1,WAIT ZCD,1,0
1787191493201,34725.094,9928.6,1.6504,1,WAIT ZCD,1,0
1787191493211,34739.453,9928.6,1.6504,1,WAIT ZCD,1,0
1787191493221,34739.453,9928.6,1.6504,1,WAIT ZCD,1,0
1787191493231,34725.094,9928.6,1.6504,1,WAIT ZCD,1,0
1787191493241,34725.094,9928.6,1.6504,1,WAIT ZCD,1,0
1787191493251,34739.453,9928.6,1.6504,1,WAIT ZCD,1,0
1787191493261,34725.094,9928.6,1.6504,1,WAIT ZCD,1,0
1787191493271,34725.094,9928.6,1.6504,1,WAIT ZCD,1,0
1787191493281,34725.094,9928.6,1.6504,1,WAIT ZCD,1,0
1787191493291,34753.828,9928.6,1.6504,1,WAIT ZCD,1,0
1787191493301,34739.453,9928.6,1.6504,1,WAIT ZCD,1,0
1787191493311,34725.094,9928.6,1.6504,1,WAIT ZCD,1,0
1787191493321,34725.094,9928.6,1.6504,1,WAIT ZCD,1,0
1787191493331,34739.453,9928.6,1.6504,1,WAIT ZCD,1,0
1787191493341,34725.094,9928.6,1.6504,1,WAIT ZCD,1,0
1787191493351,34739.453,9928.6,1.6504,1,WAIT ZCD,1,0
1787191493361,34739.453,9928.6,1.6504,1,WAIT ZCD,1,0
1787191493371,34739.453,9928.6,1.6504,1,WAIT ZCD,1,0
1787191493381,34739.453,9928.6,1.6504,1,WAIT ZCD,1,0
1787191493391,34739.453,9928.6,1.6504,1,WAIT ZCD,1,0
1787191493401,34739.453,9928.6,1.6504,1,WAIT ZCD,1,0
1787191493411,34739.453,9928.6,1.6504,1,WAIT ZCD,1,0
1787191493421,34739.453,9928.6,1.6504,1,WAIT ZCD,1,0
1787191493431,34739.453,9928.6,1.6504,1,WAIT ZCD,1,0
1787191493441,34739.453,9928.6,1.6504,1,WAIT ZCD,1,0
1787191493451,34739.453,9928.6,1.6504,1,WAIT ZCD,1,0
1787191493461,34739.453,9928.6,1.6504,1,WAIT ZCD,1,0
1787191493471,34739.453,9928.6,1.6504,1,WAIT ZCD,1,0
1787191493481,34739.453,9928.6,1.6504,1,WAIT ZCD,1,0
1787191493491,34739.453,9928.6,1.6504,1,WAIT ZCD,1,0
1787191493501,34725.094,9928.6,1.6504,1,WAIT ZCD,1,0
1787191493511,34739.453,9928.6,1.6504,1,WAIT ZCD,1,0
1787191493521,34739.453,9928.6,1.6504,1,WAIT ZCD,1,0
1787191493531,34739.453,9928.6,1.6504,1,WAIT ZCD,1,0
1787191493542,34739.453,9928.6,1.6504,1,WAIT ZCD,1,0
1787191493551,34725.094,9928.6,1.6504,1,WAIT ZCD,1,0
1787191493561,34739.453,9928.6,1.6504,1,WAIT ZCD,1,0
1787191493571,34739.453,9928.6,1.6504,1,WAIT ZCD,1,0
1787191493581,34725.094,9928.6,1.6504,1,WAIT ZCD,1,0
1787191493591,34739.453,9928.6,1.6504,1,WAIT ZCD,1,0
1787191493601,34739.453,9928.6,1.6504,1,WAIT ZCD,1,0
1787191493611,34624.898,8940.5,1.6222,2,TRACK,0,0
1787191493621,34525.277,8845.2,1.6004,2,TRACK,0,0
1787191493631,34440.344,8547.6,1.5803,2,TRACK,0,0
1787191493641,34341.781,8321.4,1.5601,2,TRACK,0,0
1787191493651,34257.750,8131.0,1.5408,2,TRACK,0,0
1787191493661,34160.227,7869.0,1.5223,2,TRACK,0,0
1787191493671,34077.078,7476.2,1.5037,2,TRACK,0,0
1787191493681,33994.336,7023.8,1.4868,2,TRACK,0,0
1787191493691,33911.992,6595.2,1.4707,2,TRACK,0,0
1787191493702,33816.426,5321.4,1.4554,2,TRACK,0,0
1787191493711,33653.848,1821.4,1.4441,2,TRACK,0,0
1787191493721,33640.367,1738.1,1.4441,2,TRACK,0,0
1787191493731,33613.445,1511.9,1.4401,2,TRACK,0,0
1787191493741,33600.000,1131.0,1.4360,2,TRACK,0,0
1787191493751,33600.000,892.9,1.4344,2,TRACK,0,0
1787191493761,33600.000,750.0,1.4328,2,TRACK,0,0
1787191493771,33586.566,583.3,1.4312,2,TRACK,0,0
1787191493781,33573.141,500.0,1.4296,2,TRACK,0,0
1787191493791,33573.141,238.1,1.4288,2,TRACK,0,0
1787191493801,33559.727,119.0,1.4288,2,TRACK,0,0
1787191493811,33559.727,0.0,1.4280,3,LOCK,0,1
1787191493821,33573.141,131.0,1.4288,2,TRACK,0,0
1787191493831,33573.141,35.7,1.4280,3,LOCK,0,1
1787191493841,33559.727,11.9,1.4280,3,LOCK,0,1
1787191493851,33559.727,35.7,1.4280,3,LOCK,0,1
1787191493861,33573.141,59.5,1.4280,3,LOCK,0,1
1787191493871,33559.727,47.6,1.4280,3,LOCK,0,1
1787191493881,33559.727,-47.6,1.4272,3,LOCK,0,1
1787191493891,33559.727,47.6,1.4280,3,LOCK,0,1
1787191493901,33559.727,-23.8,1.4272,3,LOCK,0,1
1787191493911,33559.727,-23.8,1.4272,3,LOCK,0,1
1787191493921,33559.727,-23.8,1.4272,3,LOCK,0,1
1787191493931,33559.727,-47.6,1.4272,3,LOCK,0,1
1787191493941,33559.727,-11.9,1.4280,3,LOCK,0,1
1787191493951,33559.727,-23.8,1.4280,3,LOCK,0,1
1787191493961,33559.727,-11.9,1.4272,3,LOCK,0,1
1787191493971,33573.141,47.6,1.4280,3,LOCK,0,1
1787191493981,33559.727,11.9,1.4280,3,LOCK,0,1
1787191493991,33546.324,-59.5,1.4272,3,LOCK,0,1
1787191494001,33559.727,35.7,1.4280,3,LOCK,0,1
1787191494011,33573.141,35.7,1.4280,3,LOCK,0,1
1787191494021,33573.141,-11.9,1.4272,3,LOCK,0,1
1787191494031,33559.727,-35.7,1.4272,3,LOCK,0,1
1787191494041,33573.141,11.9,1.4280,3,LOCK,0,1
1787191494051,33559.727,23.8,1.4280,3,LOCK,0,1
1787191494061,33559.727,-47.6,1.4272,3,LOCK,0,1
1787191494071,33559.727,47.6,1.4280,3,LOCK,0,1
1787191494081,33559.727,23.8,1.4272,3,LOCK,0,1
1787191494091,33559.727,-23.8,1.4272,3,LOCK,0,1
1787191494101,33559.727,-47.6,1.4272,3,LOCK,0,1
1787191494111,33707.863,8940.5,1.4280,1,WAIT ZCD,1,0
1787191494121,34739.453,8940.5,1.6504,1,WAIT ZCD,1,0
1787191494131,34725.094,8940.5,1.6504,1,WAIT ZCD,1,0
1787191494141,34739.453,8940.5,1.6504,1,WAIT ZCD,1,0
1787191494151,34739.453,8940.5,1.6504,1,WAIT ZCD,1,0
1787191494161,34739.453,8940.5,1.6504,1,WAIT ZCD,1,0
1787191494171,34725.094,8940.5,1.6504,1,WAIT ZCD,1,0
1787191494181,34739.453,8940.5,1.6504,1,WAIT ZCD,1,0
1787191494191,34739.453,8940.5,1.6504,1,WAIT ZCD,1,0
1787191494201,34725.094,8940.5,1.6504,1,WAIT ZCD,1,0
1787191494211,34739.453,8940.5,1.6504,1,WAIT ZCD,1,0
1787191494221,34739.453,8940.5,1.6504,1,WAIT ZCD,1,0
1787191494231,34739.453,8940.5,1.6504,1,WAIT ZCD,1,0
1787191494241,34739.453,8940.5,1.6504,1,WAIT ZCD,1,0
1787191494251,34739.453,8940.5,1.6504,1,WAIT ZCD,1,0
1787191494261,34739.453,8940.5,1.6504,1,WAIT ZCD,1,0
1787191494271,34725.094,8940.5,1.6504,1,WAIT ZCD,1,0
1787191494281,34725.094,8940.5,1.6504,1,WAIT ZCD,1,0
1787191494291,34739.453,8940.5,1.6504,1,WAIT ZCD,1,0
1787191494301,34739.453,8940.5,1.6504,1,WAIT ZCD,1,0
1787191494311,34739.453,8940.5,1.6504,1,WAIT ZCD,1,0
1787191494321,34739.453,8940.5,1.6504,1,WAIT ZCD,1,0
1787191494331,34739.453,8940.5,1.6504,1,WAIT ZCD,1,0
1787191494341,34739.453,8940.5,1.6504,1,WAIT ZCD,1,0
1787191494351,34739.453,8940.5,1.6504,1,WAIT ZCD,1,0
1787191494361,34739.453,8940.5,1.6504,1,WAIT ZCD,1,0
1787191494371,34739.453,8940.5,1.6504,1,WAIT ZCD,1,0
1787191494381,34725.094,8940.5,1.6504,1,WAIT ZCD,1,0
1787191494391,34739.453,8940.5,1.6504,1,WAIT ZCD,1,0
1787191494401,34725.094,8940.5,1.6504,1,WAIT ZCD,1,0
1787191494411,34739.453,8940.5,1.6504,1,WAIT ZCD,1,0
1787191494421,34725.094,8940.5,1.6504,1,WAIT ZCD,1,0
1787191494431,34739.453,8940.5,1.6504,1,WAIT ZCD,1,0
1787191494441,34725.094,8940.5,1.6504,1,WAIT ZCD,1,0
1787191494451,34739.453,8940.5,1.6504,1,WAIT ZCD,1,0
1787191494461,34725.094,8940.5,1.6504,1,WAIT ZCD,1,0
1787191494471,34725.094,8940.5,1.6504,1,WAIT ZCD,1,0
1787191494481,34725.094,8940.5,1.6504,1,WAIT ZCD,1,0
1787191494491,34725.094,8940.5,1.6504,1,WAIT ZCD,1,0
1787191494501,34725.094,8940.5,1.6504,1,WAIT ZCD,1,0
1787191494511,34739.453,8940.5,1.6504,1,WAIT ZCD,1,0
1787191494521,34725.094,8940.5,1.6504,1,WAIT ZCD,1,0
1787191494531,34739.453,8940.5,1.6504,1,WAIT ZCD,1,0
1787191494541,34725.094,8940.5,1.6504,1,WAIT ZCD,1,0
1787191494551,34739.453,8940.5,1.6504,1,WAIT ZCD,1,0
1787191494561,34739.453,8940.5,1.6504,1,WAIT ZCD,1,0
1787191494571,34739.453,8940.5,1.6504,1,WAIT ZCD,1,0
1787191494581,34725.094,8940.5,1.6504,1,WAIT ZCD,1,0
1787191494591,34739.453,8940.5,1.6504,1,WAIT ZCD,1,0
1787191494601,34739.453,8940.5,1.6504,1,WAIT ZCD,1,0
1787191494611,34768.211,9761.9,1.6504,2,TRACK,0,0
1787191494621,34610.629,8940.5,1.6190,2,TRACK,0,0
1787191494631,34511.094,8738.1,1.5980,2,TRACK,0,0
1787191494641,34412.125,8535.7,1.5779,2,TRACK,0,0
1787191494651,34327.750,8357.1,1.5585,2,TRACK,0,0
1787191494661,34243.781,8119.0,1.5392,2,TRACK,0,0
1787191494671,34160.227,7881.0,1.5199,2,TRACK,0,0
1787191494681,34077.078,7571.4,1.5013,2,TRACK,0,0
1787191494691,33980.582,7107.1,1.4844,2,TRACK,0,0
1787191494701,33884.633,6428.6,1.4675,2,TRACK,0,0
1787191494711,33775.633,5000.0,1.4538,2,TRACK,0,0
1787191494721,33640.367,1750.0,1.4433,2,TRACK,0,0
1787191494731,33640.367,1690.5,1.4425,2,TRACK,0,0
1787191494741,33613.445,1452.4,1.4385,2,TRACK,0,0
1787191494751,33613.445,1071.4,1.4352,2,TRACK,0,0
1787191494761,33586.566,761.9,1.4328,2,TRACK,0,0
1787191494771,33573.141,595.2,1.4312,2,TRACK,0,0
1787191494781,33573.141,500.0,1.4304,2,TRACK,0,0
1787191494791,33573.141,369.0,1.4288,2,TRACK,0,0
1787191494801,33573.141,309.5,1.4280,2,TRACK,0,0
1787191494811,33559.727,285.7,1.4280,2,TRACK,0,0
1787191494821,33573.141,273.8,1.4272,2,TRACK,0,0
1787191494831,33559.727,142.9,1.4264,2,TRACK,0,0
1787191494841,33573.141,178.6,1.4264,2,TRACK,0,0
1787191494851,33573.141,131.0,1.4256,2,TRACK,0,0
1787191494861,33573.141,83.3,1.4256,2,TRACK,0,0
1787191494871,33559.727,59.5,1.4248,3,LOCK,0,1
1787191494881,33559.727,59.5,1.4248,3,LOCK,0,1
1787191494891,33559.727,71.4,1.4248,2,TRACK,0,0
1787191494901,33573.141,47.6,1.4248,3,LOCK,0,1
1787191494911,33573.141,59.5,1.4248,3,LOCK,0,1
1787191494921,33546.324,-83.3,1.4248,2,TRACK,0,0
1787191494931,33559.727,-131.0,1.4256,2,TRACK,0,0
1787191494941,33559.727,-119.0,1.4256,2,TRACK,0,0
1787191494951,33559.727,-95.2,1.4256,2,TRACK,0,0
1787191494961,33559.727,-47.6,1.4264,3,LOCK,0,1
1787191494971,33559.727,-23.8,1.4264,3,LOCK,0,1
1787191494981,33559.727,-59.5,1.4264,3,LOCK,0,1
1787191494991,33559.727,-35.7,1.4264,3,LOCK,0,1
1787191495001,33559.727,-47.6,1.4264,3,LOCK,0,1
1787191495011,33559.727,-47.6,1.4264,3,LOCK,0,1
1787191495021,33573.141,-11.9,1.4264,3,LOCK,0,1
1787191495031,33559.727,154.8,1.4264,2,TRACK,0,0
1787191495041,33573.141,71.4,1.4256,2,TRACK,0,0
1787191495051,33559.727,47.6,1.4256,3,LOCK,0,1
1787191495061,33559.727,59.5,1.4256,3,LOCK,0,1
1787191495071,33559.727,59.5,1.4256,3,LOCK,0,1
1787191495081,33559.727,35.7,1.4256,3,LOCK,0,1
1787191495091,33559.727,-35.7,1.4248,3,LOCK,0,1
1787191495101,33559.727,0.0,1.4256,3,LOCK,0,1
1787191495111,33559.727,11.9,1.4256,3,LOCK,0,1
1787191495121,34725.094,9761.9,1.6504,1,WAIT ZCD,1,0
1787191495131,34725.094,9761.9,1.6504,1,WAIT ZCD,1,0
1787191495141,34739.453,9761.9,1.6504,1,WAIT ZCD,1,0
1787191495151,34739.453,9761.9,1.6504,1,WAIT ZCD,1,0
1787191495161,34725.094,9761.9,1.6504,1,WAIT ZCD,1,0
1787191495171,34725.094,9761.9,1.6504,1,WAIT ZCD,1,0
1787191495181,34739.453,9761.9,1.6504,1,WAIT ZCD,1,0
1787191495192,34739.453,9761.9,1.6504,1,WAIT ZCD,1,0
1787191495201,34725.094,9761.9,1.6504,1,WAIT ZCD,1,0
1787191495211,34739.453,9761.9,1.6504,1,WAIT ZCD,1,0
1787191495221,34739.453,9761.9,1.6504,1,WAIT ZCD,1,0
1787191495231,34739.453,9761.9,1.6504,1,WAIT ZCD,1,0
1787191495241,34725.094,9761.9,1.6504,1,WAIT ZCD,1,0
1787191495251,34725.094,9761.9,1.6504,1,WAIT ZCD,1,0
1787191495261,34725.094,9761.9,1.6504,1,WAIT ZCD,1,0
1787191495271,34725.094,9761.9,1.6504,1,WAIT ZCD,1,0
1787191495281,34725.094,9761.9,1.6504,1,WAIT ZCD,1,0
1787191495291,34725.094,9761.9,1.6504,1,WAIT ZCD,1,0
1787191495301,34739.453,9761.9,1.6504,1,WAIT ZCD,1,0
1787191495311,34739.453,9761.9,1.6504,1,WAIT ZCD,1,0
1787191495321,34725.094,9761.9,1.6504,1,WAIT ZCD,1,0
1787191495331,34725.094,9761.9,1.6504,1,WAIT ZCD,1,0
1787191495341,34739.453,9761.9,1.6504,1,WAIT ZCD,1,0
1787191495351,34725.094,9761.9,1.6504,1,WAIT ZCD,1,0
1787191495361,34739.453,9761.9,1.6504,1,WAIT ZCD,1,0
1787191495371,34725.094,9761.9,1.6504,1,WAIT ZCD,1,0
1787191495381,34739.453,9761.9,1.6504,1,WAIT ZCD,1,0
1787191495391,34725.094,9761.9,1.6504,1,WAIT ZCD,1,0
1787191495401,34725.094,9761.9,1.6504,1,WAIT ZCD,1,0
1787191495411,34739.453,9761.9,1.6504,1,WAIT ZCD,1,0
1787191495421,34725.094,9761.9,1.6504,1,WAIT ZCD,1,0
1787191495431,34725.094,9761.9,1.6504,1,WAIT ZCD,1,0
1787191495441,34739.453,9761.9,1.6504,1,WAIT ZCD,1,0
1787191495451,34725.094,9761.9,1.6504,1,WAIT ZCD,1,0
1787191495461,34725.094,9761.9,1.6504,1,WAIT ZCD,1,0
1787191495471,34739.453,9761.9,1.6504,1,WAIT ZCD,1,0
1787191495481,34739.453,9761.9,1.6504,1,WAIT ZCD,1,0
1787191495491,34739.453,9761.9,1.6504,1,WAIT ZCD,1,0
1787191495501,34739.453,9761.9,1.6504,1,WAIT ZCD,1,0
1787191495511,34739.453,9761.9,1.6504,1,WAIT ZCD,1,0
1787191495521,34725.094,9761.9,1.6504,1,WAIT ZCD,1,0
1787191495531,34725.094,9761.9,1.6504,1,WAIT ZCD,1,0
1787191495541,34739.453,9761.9,1.6504,1,WAIT ZCD,1,0
1787191495551,34739.453,9761.9,1.6504,1,WAIT ZCD,1,0
1787191495561,34725.094,9761.9,1.6504,1,WAIT ZCD,1,0
1787191495571,34725.094,9761.9,1.6504,1,WAIT ZCD,1,0
1787191495581,34739.453,9761.9,1.6504,1,WAIT ZCD,1,0
1787191495591,34739.453,9761.9,1.6504,1,WAIT ZCD,1,0
1787191495601,34739.453,9761.9,1.6504,1,WAIT ZCD,1,0
1787191495611,34739.453,9761.9,1.6504,1,WAIT ZCD,1,0
1787191495621,34639.176,8988.1,1.6214,2,TRACK,0,0
1787191495631,34525.277,8738.1,1.5996,2,TRACK,0,0
1787191495641,34440.344,8607.1,1.5795,2,TRACK,0,0
1787191495651,34341.781,8333.3,1.5593,2,TRACK,0,0
1787191495661,34243.781,8119.0,1.5400,2,TRACK,0,0
1787191495671,34160.227,7904.8,1.5207,2,TRACK,0,0
1787191495681,34063.262,7571.4,1.5029,2,TRACK,0,0
1787191495691,33980.582,7166.7,1.4852,2,TRACK,0,0
1787191495701,33898.305,6511.9,1.4691,2,TRACK,0,0
1787191495711,33802.816,5166.7,1.4546,2,TRACK,0,0
1787191495721,33640.367,1785.7,1.4433,2,TRACK,0,0
1787191495731,33640.367,1690.5,1.4425,2,TRACK,0,0
1787191495741,33626.902,1511.9,1.4385,2,TRACK,0,0
1787191495751,33600.000,1107.1,1.4352,2,TRACK,0,0
1787191495761,33600.000,881.0,1.4328,2,TRACK,0,0
1787191495771,33586.566,678.6,1.4312,2,TRACK,0,0
1787191495781,33586.566,583.3,1.4296,2,TRACK,0,0
1787191495791,33573.141,464.3,1.4288,2,TRACK,0,0
1787191495801,33573.141,345.2,1.4272,2,TRACK,0,0
1787191495811,33546.324,214.3,1.4264,2,TRACK,0,0
1787191495821,33559.727,47.6,1.4272,3,LOCK,0,1
1787191495831,33559.727,-11.9,1.4264,3,LOCK,0,1
1787191495841,33559.727,47.6,1.4272,3,LOCK,0,1
1787191495851,33546.324,-47.6,1.4264,3,LOCK,0,1
1787191495861,33559.727,47.6,1.4272,3,LOCK,0,1
1787191495871,33546.324,-59.5,1.4264,3,LOCK,0,1
1787191495881,33559.727,-11.9,1.4264,3,LOCK,0,1
1787191495891,33559.727,-35.7,1.4264,3,LOCK,0,1
1787191495901,33546.324,-35.7,1.4264,3,LOCK,0,1
1787191495911,33559.727,59.5,1.4272,3,LOCK,0,1
1787191495923,33559.727,35.7,1.4264,3,LOCK,0,1
1787191495931,33559.727,35.7,1.4264,3,LOCK,0,1
1787191495941,33559.727,35.7,1.4264,3,LOCK,0,1
1787191495951,33546.324,23.8,1.4264,3,LOCK,0,1
1787191495961,33546.324,23.8,1.4264,3,LOCK,0,1
1787191495971,33546.324,23.8,1.4264,3,LOCK,0,1
1787191495981,33546.324,35.7,1.4264,3,LOCK,0,1
1787191495991,33546.324,71.4,1.4264,2,TRACK,0,0
1787191496001,33559.727,47.6,1.4264,3,LOCK,0,1
1787191496011,33559.727,83.3,1.4264,2,TRACK,0,0
1787191496021,33559.727,0.0,1.4256,3,LOCK,0,1
1787191496031,33546.324,23.8,1.4256,3,LOCK,0,1
1787191496041,33546.324,-35.7,1.4256,3,LOCK,0,1
1787191496051,33559.727,35.7,1.4264,3,LOCK,0,1
1787191496061,33546.324,0.0,1.4256,3,LOCK,0,1
1787191496071,33546.324,0.0,1.4256,3,LOCK,0,1
1787191496081,33559.727,83.3,1.4256,2,TRACK,0,0
1787191496091,33546.324,83.3,1.4256,2,TRACK,0,0
1787191496101,33559.727,83.3,1.4256,2,TRACK,0,0
1787191496111,33546.324,59.5,1.4256,3,LOCK,0,1
1787191496121,33694.344,8988.1,1.4248,1,WAIT ZCD,1,0
1787191496131,34739.453,8988.1,1.6504,1,WAIT ZCD,1,0
1787191496141,34725.094,8988.1,1.6504,1,WAIT ZCD,1,0
1787191496151,34739.453,8988.1,1.6504,1,WAIT ZCD,1,0
1787191496161,34739.453,8988.1,1.6504,1,WAIT ZCD,1,0
1787191496171,34739.453,8988.1,1.6504,1,WAIT ZCD,1,0
1787191496181,34739.453,8988.1,1.6504,1,WAIT ZCD,1,0
1787191496191,34739.453,8988.1,1.6504,1,WAIT ZCD,1,0
1787191496204,34739.453,8988.1,1.6504,1,WAIT ZCD,1,0
1787191496211,34739.453,8988.1,1.6504,1,WAIT ZCD,1,0
1787191496221,34739.453,8988.1,1.6504,1,WAIT ZCD,1,0
1787191496231,34725.094,8988.1,1.6504,1,WAIT ZCD,1,0
1787191496241,34725.094,8988.1,1.6504,1,WAIT ZCD,1,0
1787191496251,34725.094,8988.1,1.6504,1,WAIT ZCD,1,0
1787191496261,34739.453,8988.1,1.6504,1,WAIT ZCD,1,0
1787191496271,34725.094,8988.1,1.6504,1,WAIT ZCD,1,0
1787191496281,34739.453,8988.1,1.6504,1,WAIT ZCD,1,0
1787191496291,34725.094,8988.1,1.6504,1,WAIT ZCD,1,0
1787191496301,34725.094,8988.1,1.6504,1,WAIT ZCD,1,0
1787191496311,34725.094,8988.1,1.6504,1,WAIT ZCD,1,0
1787191496321,34739.453,8988.1,1.6504,1,WAIT ZCD,1,0
1787191496331,34725.094,8988.1,1.6504,1,WAIT ZCD,1,0
1787191496341,34725.094,8988.1,1.6504,1,WAIT ZCD,1,0
1787191496351,34725.094,8988.1,1.6504,1,WAIT ZCD,1,0
1787191496361,34725.094,8988.1,1.6504,1,WAIT ZCD,1,0
1787191496371,34739.453,8988.1,1.6504,1,WAIT ZCD,1,0
1787191496381,34725.094,8988.1,1.6504,1,WAIT ZCD,1,0
1787191496391,34739.453,8988.1,1.6504,1,WAIT ZCD,1,0
1787191496401,34739.453,8988.1,1.6504,1,WAIT ZCD,1,0
1787191496411,34739.453,8988.1,1.6504,1,WAIT ZCD,1,0
1787191496421,34739.453,8988.1,1.6504,1,WAIT ZCD,1,0
1787191496431,34739.453,8988.1,1.6504,1,WAIT ZCD,1,0
1787191496441,34739.453,8988.1,1.6504,1,WAIT ZCD,1,0
1787191496451,34739.453,8988.1,1.6504,1,WAIT ZCD,1,0
1787191496461,34725.094,8988.1,1.6504,1,WAIT ZCD,1,0
1787191496471,34725.094,8988.1,1.6504,1,WAIT ZCD,1,0
1787191496481,34739.453,8988.1,1.6504,1,WAIT ZCD,1,0
1787191496491,34739.453,8988.1,1.6504,1,WAIT ZCD,1,0
1787191496501,34739.453,8988.1,1.6504,1,WAIT ZCD,1,0
1787191496511,34725.094,8988.1,1.6504,1,WAIT ZCD,1,0
1787191496521,34725.094,8988.1,1.6504,1,WAIT ZCD,1,0
1787191496531,34725.094,8988.1,1.6504,1,WAIT ZCD,1,0
1787191496541,34725.094,8988.1,1.6504,1,WAIT ZCD,1,0
1787191496551,34739.453,8988.1,1.6504,1,WAIT ZCD,1,0
1787191496561,34725.094,8988.1,1.6504,1,WAIT ZCD,1,0
1787191496571,34725.094,8988.1,1.6504,1,WAIT ZCD,1,0
1787191496581,34725.094,8988.1,1.6504,1,WAIT ZCD,1,0
1787191496591,34725.094,8988.1,1.6504,1,WAIT ZCD,1,0
1787191496601,34725.094,8988.1,1.6504,1,WAIT ZCD,1,0
1787191496611,34739.453,8988.1,1.6504,1,WAIT ZCD,1,0
1787191496621,34725.094,8988.1,1.6504,1,WAIT ZCD,1,0
1787191496631,34725.094,8988.1,1.6504,1,WAIT ZCD,1,0
1787191496642,34739.453,8988.1,1.6504,1,WAIT ZCD,1,0
1787191496651,34725.094,8988.1,1.6504,1,WAIT ZCD,1,0
1787191496661,34739.453,8988.1,1.6504,1,WAIT ZCD,1,0
1787191496671,34725.094,8988.1,1.6504,1,WAIT ZCD,1,0
1787191496681,34739.453,8988.1,1.6504,1,WAIT ZCD,1,0
1787191496691,34725.094,8988.1,1.6504,1,WAIT ZCD,1,0
1787191496701,34725.094,8988.1,1.6504,1,WAIT ZCD,1,0
1787191496711,34739.453,8988.1,1.6504,1,WAIT ZCD,1,0
1787191496721,34725.094,8988.1,1.6504,1,WAIT ZCD,1,0
1787191496731,34739.453,8988.1,1.6504,1,WAIT ZCD,1,0
1787191496741,34739.453,8988.1,1.6504,1,WAIT ZCD,1,0
1787191496751,34739.453,8988.1,1.6504,1,WAIT ZCD,1,0
1787191496761,34725.094,8988.1,1.6504,1,WAIT ZCD,1,0
1787191496771,34739.453,8988.1,1.6504,1,WAIT ZCD,1,0
1787191496781,34725.094,8988.1,1.6504,1,WAIT ZCD,1,0
1787191496791,34725.094,8988.1,1.6504,1,WAIT ZCD,1,0
1787191496802,34739.453,8988.1,1.6504,1,WAIT ZCD,1,0
1787191496811,34725.094,8988.1,1.6504,1,WAIT ZCD,1,0
1787191496821,34725.094,8988.1,1.6504,1,WAIT ZCD,1,0
1787191496831,34725.094,8988.1,1.6504,1,WAIT ZCD,1,0
1787191496841,34725.094,8988.1,1.6504,1,WAIT ZCD,1,0
1787191496851,34725.094,8988.1,1.6504,1,WAIT ZCD,1,0
1787191496861,34739.453,8988.1,1.6504,1,WAIT ZCD,1,0
1787191496871,34725.094,8988.1,1.6504,1,WAIT ZCD,1,0
1787191496881,34739.453,8988.1,1.6504,1,WAIT ZCD,1,0
1787191496891,34739.453,8988.1,1.6504,1,WAIT ZCD,1,0
1787191496901,34739.453,8988.1,1.6504,1,WAIT ZCD,1,0
1787191496911,34739.453,8988.1,1.6504,1,WAIT ZCD,1,0
1787191496921,34739.453,8988.1,1.6504,1,WAIT ZCD,1,0
1787191496931,34725.094,8988.1,1.6504,1,WAIT ZCD,1,0
1787191496941,34725.094,8988.1,1.6504,1,WAIT ZCD,1,0
1787191496951,34739.453,8988.1,1.6504,1,WAIT ZCD,1,0
1787191496961,34739.453,8988.1,1.6504,1,WAIT ZCD,1,0
1787191496971,34739.453,8988.1,1.6504,1,WAIT ZCD,1,0
1787191496981,34725.094,8988.1,1.6504,1,WAIT ZCD,1,0
1787191496991,34739.453,8988.1,1.6504,1,WAIT ZCD,1,0
1787191497001,34725.094,8988.1,1.6504,1,WAIT ZCD,1,0
1787191497011,34739.453,8988.1,1.6504,1,WAIT ZCD,1,0
1787191497021,34739.453,8988.1,1.6504,1,WAIT ZCD,1,0
1787191497031,34739.453,8988.1,1.6504,1,WAIT ZCD,1,0
1787191497041,34739.453,8988.1,1.6504,1,WAIT ZCD,1,0
1787191497051,34725.094,8988.1,1.6504,1,WAIT ZCD,1,0
1787191497061,34725.094,8988.1,1.6504,1,WAIT ZCD,1,0
1787191497071,34725.094,8988.1,1.6504,1,WAIT ZCD,1,0
1787191497081,34725.094,8988.1,1.6504,1,WAIT ZCD,1,0
1787191497091,34725.094,8988.1,1.6504,1,WAIT ZCD,1,0
1787191497101,34725.094,8988.1,1.6504,1,WAIT ZCD,1,0
1787191497112,34725.094,8988.1,1.6504,1,WAIT ZCD,1,0
1787191497121,34739.453,8988.1,1.6504,1,WAIT ZCD,1,0
1787191497131,34739.453,8988.1,1.6504,1,WAIT ZCD,1,0
1787191497141,34725.094,8988.1,1.6504,1,WAIT ZCD,1,0
1787191497151,34739.453,8988.1,1.6504,1,WAIT ZCD,1,0
1787191497161,34725.094,8988.1,1.6504,1,WAIT ZCD,1,0
1787191497171,34725.094,8988.1,1.6504,1,WAIT ZCD,1,0
1787191497181,34725.094,8988.1,1.6504,1,WAIT ZCD,1,0
1787191497191,34739.453,8988.1,1.6504,1,WAIT ZCD,1,0
1787191497201,34725.094,8988.1,1.6504,1,WAIT ZCD,1,0
1787191497211,34739.453,8988.1,1.6504,1,WAIT ZCD,1,0
1787191497221,34739.453,8988.1,1.6504,1,WAIT ZCD,1,0
1787191497231,34739.453,8988.1,1.6504,1,WAIT ZCD,1,0
1787191497241,34739.453,8988.1,1.6504,1,WAIT ZCD,1,0
1787191497251,34739.453,8988.1,1.6504,1,WAIT ZCD,1,0
1787191497261,34739.453,8988.1,1.6504,1,WAIT ZCD,1,0
1787191497271,34725.094,8988.1,1.6504,1,WAIT ZCD,1,0
1787191497281,34725.094,8988.1,1.6504,1,WAIT ZCD,1,0
1787191497291,34739.453,8988.1,1.6504,1,WAIT ZCD,1,0
1787191497301,34739.453,8988.1,1.6504,1,WAIT ZCD,1,0
1787191497311,34739.453,8988.1,1.6504,1,WAIT ZCD,1,0
1787191497321,34739.453,8988.1,1.6504,1,WAIT ZCD,1,0
1787191497331,34739.453,8988.1,1.6504,1,WAIT ZCD,1,0
1787191497341,34725.094,8988.1,1.6504,1,WAIT ZCD,1,0
1787191497351,34739.453,8988.1,1.6504,1,WAIT ZCD,1,0
1787191497361,34725.094,8988.1,1.6504,1,WAIT ZCD,1,0
1787191497371,34739.453,8988.1,1.6504,1,WAIT ZCD,1,0
1787191497381,34739.453,8988.1,1.6504,1,WAIT ZCD,1,0
1787191497391,34725.094,8988.1,1.6504,1,WAIT ZCD,1,0
1787191497401,34739.453,8988.1,1.6504,1,WAIT ZCD,1,0
1787191497411,34739.453,8988.1,1.6504,1,WAIT ZCD,1,0
1787191497421,34739.453,8988.1,1.6504,1,WAIT ZCD,1,0
1787191497431,34725.094,8988.1,1.6504,1,WAIT ZCD,1,0
1787191497441,34739.453,8988.1,1.6504,1,WAIT ZCD,1,0
1787191497451,34739.453,8988.1,1.6504,1,WAIT ZCD,1,0
1787191497461,34739.453,8988.1,1.6504,1,WAIT ZCD,1,0
1787191497471,34725.094,8988.1,1.6504,1,WAIT ZCD,1,0
1787191497481,34739.453,8988.1,1.6504,1,WAIT ZCD,1,0
1787191497491,34725.094,8988.1,1.6504,1,WAIT ZCD,1,0
1787191497501,34725.094,8988.1,1.6504,1,WAIT ZCD,1,0
1787191497511,34739.453,8988.1,1.6504,1,WAIT ZCD,1,0
1787191497521,34739.453,8988.1,1.6504,1,WAIT ZCD,1,0
1787191497531,34739.453,8988.1,1.6504,1,WAIT ZCD,1,0
1787191497541,34739.453,8988.1,1.6504,1,WAIT ZCD,1,0
1787191497551,34725.094,8988.1,1.6504,1,WAIT ZCD,1,0
1787191497561,34725.094,8988.1,1.6504,1,WAIT ZCD,1,0
1787191497571,34725.094,8988.1,1.6504,1,WAIT ZCD,1,0
1787191497581,34739.453,8988.1,1.6504,1,WAIT ZCD,1,0
1787191497591,34725.094,8988.1,1.6504,1,WAIT ZCD,1,0
1787191497601,34739.453,8988.1,1.6504,1,WAIT ZCD,1,0
1787191497611,34739.453,8988.1,1.6504,1,WAIT ZCD,1,0
1787191497621,34725.094,8988.1,1.6504,1,WAIT ZCD,1,0
1787191497631,34739.453,8988.1,1.6504,1,WAIT ZCD,1,0
1787191497641,34739.453,8988.1,1.6504,1,WAIT ZCD,1,0
1787191497651,34725.094,8988.1,1.6504,1,WAIT ZCD,1,0
1787191497661,34739.453,8988.1,1.6504,1,WAIT ZCD,1,0
1787191497671,34739.453,8988.1,1.6504,1,WAIT ZCD,1,0
1787191497681,34725.094,8988.1,1.6504,1,WAIT ZCD,1,0
1787191497691,34725.094,8988.1,1.6504,1,WAIT ZCD,1,0
1787191497701,34739.453,8988.1,1.6504,1,WAIT ZCD,1,0
1787191497711,34725.094,8988.1,1.6504,1,WAIT ZCD,1,0
1787191497721,34739.453,8988.1,1.6504,1,WAIT ZCD,1,0
1787191497731,34739.453,8988.1,1.6504,1,WAIT ZCD,1,0
1787191497742,34739.453,8988.1,1.6504,1,WAIT ZCD,1,0
1787191497751,34725.094,8988.1,1.6504,1,WAIT ZCD,1,0
1787191497761,34725.094,8988.1,1.6504,1,WAIT ZCD,1,0
1787191497771,34725.094,8988.1,1.6504,1,WAIT ZCD,1,0
1787191497781,34739.453,8988.1,1.6504,1,WAIT ZCD,1,0
1787191497791,34739.453,8988.1,1.6504,1,WAIT ZCD,1,0
1787191497801,34739.453,8988.1,1.6504,1,WAIT ZCD,1,0
1787191497811,34739.453,8988.1,1.6504,1,WAIT ZCD,1,0
1787191497821,34739.453,8988.1,1.6504,1,WAIT ZCD,1,0
1787191497831,34739.453,8988.1,1.6504,1,WAIT ZCD,1,0
1787191497841,34739.453,8988.1,1.6504,1,WAIT ZCD,1,0
1787191497851,34725.094,8988.1,1.6504,1,WAIT ZCD,1,0
1787191497861,34725.094,8988.1,1.6504,1,WAIT ZCD,1,0
1787191497871,34739.453,8988.1,1.6504,1,WAIT ZCD,1,0
1787191497881,34725.094,8988.1,1.6504,1,WAIT ZCD,1,0
1787191497891,34725.094,8988.1,1.6504,1,WAIT ZCD,1,0
1787191497901,34739.453,8988.1,1.6504,1,WAIT ZCD,1,0
1787191497911,34739.453,8988.1,1.6504,1,WAIT ZCD,1,0
1787191497921,34739.453,8988.1,1.6504,1,WAIT ZCD,1,0
1787191497931,34725.094,8988.1,1.6504,1,WAIT ZCD,1,0
1787191497941,34739.453,8988.1,1.6504,1,WAIT ZCD,1,0
1787191497951,34725.094,8988.1,1.6504,1,WAIT ZCD,1,0
1787191497961,34725.094,8988.1,1.6504,1,WAIT ZCD,1,0
1787191497971,34725.094,8988.1,1.6504,1,WAIT ZCD,1,0
1787191497981,34739.453,8988.1,1.6504,1,WAIT ZCD,1,0
1787191497991,34725.094,8988.1,1.6504,1,WAIT ZCD,1,0
1787191498001,34725.094,8988.1,1.6504,1,WAIT ZCD,1,0
1787191498011,34739.453,8988.1,1.6504,1,WAIT ZCD,1,0
1787191498021,34725.094,8988.1,1.6504,1,WAIT ZCD,1,0
1787191498031,34725.094,8988.1,1.6504,1,WAIT ZCD,1,0
1787191498041,34725.094,8988.1,1.6504,1,WAIT ZCD,1,0
1787191498051,34739.453,8988.1,1.6504,1,WAIT ZCD,1,0
1787191498061,34725.094,8988.1,1.6504,1,WAIT ZCD,1,0
1787191498071,34725.094,8988.1,1.6504,1,WAIT ZCD,1,0
1787191498081,34739.453,8988.1,1.6504,1,WAIT ZCD,1,0
1787191498091,34725.094,8988.1,1.6504,1,WAIT ZCD,1,0
1787191498101,34739.453,8988.1,1.6504,1,WAIT ZCD,1,0
1787191498111,34725.094,8988.1,1.6504,1,WAIT ZCD,1,0
1787191498121,34739.453,8988.1,1.6504,1,WAIT ZCD,1,0
1787191498131,34725.094,8988.1,1.6504,1,WAIT ZCD,1,0
1787191498141,34725.094,8988.1,1.6504,1,WAIT ZCD,1,0
1787191498151,34739.453,8988.1,1.6504,1,WAIT ZCD,1,0
1787191498161,34739.453,8988.1,1.6504,1,WAIT ZCD,1,0
1787191498171,34739.453,8988.1,1.6504,1,WAIT ZCD,1,0
1787191498181,34739.453,8988.1,1.6504,1,WAIT ZCD,1,0
1787191498191,34739.453,8988.1,1.6504,1,WAIT ZCD,1,0
1787191498201,34739.453,8988.1,1.6504,1,WAIT ZCD,1,0
1787191498211,34739.453,8988.1,1.6504,1,WAIT ZCD,1,0
1787191498221,34725.094,8988.1,1.6504,1,WAIT ZCD,1,0
1787191498231,34739.453,8988.1,1.6504,1,WAIT ZCD,1,0
1787191498241,34725.094,8988.1,1.6504,1,WAIT ZCD,1,0
1787191498251,34725.094,8988.1,1.6504,1,WAIT ZCD,1,0
1787191498261,34739.453,8988.1,1.6504,1,WAIT ZCD,1,0
1787191498271,34739.453,8988.1,1.6504,1,WAIT ZCD,1,0
1787191498281,34739.453,8988.1,1.6504,1,WAIT ZCD,1,0
1787191498291,34725.094,8988.1,1.6504,1,WAIT ZCD,1,0
1787191498301,34739.453,8988.1,1.6504,1,WAIT ZCD,1,0
1787191498311,34739.453,8988.1,1.6504,1,WAIT ZCD,1,0
1787191498321,34739.453,8988.1,1.6504,1,WAIT ZCD,1,0
1787191498331,34739.453,8988.1,1.6504,1,WAIT ZCD,1,0
1787191498341,34739.453,8988.1,1.6504,1,WAIT ZCD,1,0
1787191498351,34725.094,8988.1,1.6504,1,WAIT ZCD,1,0
1787191498361,34739.453,8988.1,1.6504,1,WAIT ZCD,1,0
1787191498371,34725.094,8988.1,1.6504,1,WAIT ZCD,1,0
1787191498381,34725.094,8988.1,1.6504,1,WAIT ZCD,1,0
1787191498391,34725.094,8988.1,1.6504,1,WAIT ZCD,1,0
1787191498401,34739.453,8988.1,1.6504,1,WAIT ZCD,1,0
1787191498411,34739.453,8988.1,1.6504,1,WAIT ZCD,1,0
1787191498421,34739.453,8988.1,1.6504,1,WAIT ZCD,1,0
1787191498431,34739.453,8988.1,1.6504,1,WAIT ZCD,1,0
1787191498441,34739.453,8988.1,1.6504,1,WAIT ZCD,1,0
1787191498451,34739.453,8988.1,1.6504,1,WAIT ZCD,1,0
1787191498461,34739.453,8988.1,1.6504,1,WAIT ZCD,1,0
1787191498471,34725.094,8988.1,1.6504,1,WAIT ZCD,1,0
1787191498481,34739.453,8988.1,1.6504,1,WAIT ZCD,1,0
1787191498491,34725.094,8988.1,1.6504,1,WAIT ZCD,1,0
1787191498501,34739.453,8988.1,1.6504,1,WAIT ZCD,1,0
1787191498511,34739.453,8988.1,1.6504,1,WAIT ZCD,1,0
1787191498521,34725.094,8988.1,1.6504,1,WAIT ZCD,1,0
1787191498531,34739.453,8988.1,1.6504,1,WAIT ZCD,1,0
1787191498541,34725.094,8988.1,1.6504,1,WAIT ZCD,1,0
1787191498551,34739.453,8988.1,1.6504,1,WAIT ZCD,1,0
1787191498561,34739.453,8988.1,1.6504,1,WAIT ZCD,1,0
1787191498571,34725.094,8988.1,1.6504,1,WAIT ZCD,1,0
1787191498581,34739.453,8988.1,1.6504,1,WAIT ZCD,1,0
1787191498591,34725.094,8988.1,1.6504,1,WAIT ZCD,1,0
1787191498601,34725.094,8988.1,1.6504,1,WAIT ZCD,1,0
1787191498611,34725.094,8988.1,1.6504,1,WAIT ZCD,1,0
1787191498621,34739.453,8988.1,1.6504,1,WAIT ZCD,1,0
1787191498631,34739.453,8988.1,1.6504,1,WAIT ZCD,1,0
1787191498641,34725.094,8988.1,1.6504,1,WAIT ZCD,1,0
1787191498651,34725.094,8988.1,1.6504,1,WAIT ZCD,1,0
1787191498661,34739.453,8988.1,1.6504,1,WAIT ZCD,1,0
1787191498671,34739.453,8988.1,1.6504,1,WAIT ZCD,1,0
1787191498681,34739.453,8988.1,1.6504,1,WAIT ZCD,1,0
1787191498691,34739.453,8988.1,1.6504,1,WAIT ZCD,1,0
1787191498701,34739.453,8988.1,1.6504,1,WAIT ZCD,1,0
1787191498711,34739.453,8988.1,1.6504,1,WAIT ZCD,1,0
1787191498721,34725.094,8988.1,1.6504,1,WAIT ZCD,1,0
1787191498731,34739.453,8988.1,1.6504,1,WAIT ZCD,1,0
1787191498741,34725.094,8988.1,1.6504,1,WAIT ZCD,1,0
1787191498751,34739.453,8988.1,1.6504,1,WAIT ZCD,1,0
1787191498761,34739.453,8988.1,1.6504,1,WAIT ZCD,1,0
1787191498771,34725.094,8988.1,1.6504,1,WAIT ZCD,1,0
1787191498781,34739.453,8988.1,1.6504,1,WAIT ZCD,1,0
1787191498791,34739.453,8988.1,1.6504,1,WAIT ZCD,1,0
1787191498801,34725.094,8988.1,1.6504,1,WAIT ZCD,1,0
1787191498811,34739.453,8988.1,1.6504,1,WAIT ZCD,1,0
1787191498821,34725.094,8988.1,1.6504,1,WAIT ZCD,1,0
1787191498831,34725.094,8988.1,1.6504,1,WAIT ZCD,1,0
1787191498841,34725.094,8988.1,1.6504,1,WAIT ZCD,1,0
1787191498851,34739.453,8988.1,1.6504,1,WAIT ZCD,1,0
1787191498861,34739.453,8988.1,1.6504,1,WAIT ZCD,1,0
1787191498871,34725.094,8988.1,1.6504,1,WAIT ZCD,1,0
1787191498881,34725.094,8988.1,1.6504,1,WAIT ZCD,1,0
1787191498891,34739.453,8988.1,1.6504,1,WAIT ZCD,1,0
1787191498901,34739.453,8988.1,1.6504,1,WAIT ZCD,1,0
1787191498911,34725.094,8988.1,1.6504,1,WAIT ZCD,1,0
1787191498921,34739.453,8988.1,1.6504,1,WAIT ZCD,1,0
1787191498931,34739.453,8988.1,1.6504,1,WAIT ZCD,1,0
1787191498941,34725.094,8988.1,1.6504,1,WAIT ZCD,1,0
1787191498951,34739.453,8988.1,1.6504,1,WAIT ZCD,1,0
1787191498961,34739.453,8988.1,1.6504,1,WAIT ZCD,1,0
